Protocol,Src Port,Dst port,Packet Count,First Timestamp,Last Timestamp,Mean Packet Length
Ether,2848,6667,1,Unknown,Unknown,96
Ether,6667,2848,1,Unknown,Unknown,66
Ether,6667,2848,1,Unknown,Unknown,112
Ether,2848,6667,1,Unknown,Unknown,66
Ether,2128,53,1,Unknown,Unknown,84
Ether,2128,53,1,Unknown,Unknown,88
Ether,53,2128,1,Unknown,Unknown,84
Ether,53,2128,1,Unknown,Unknown,123
Ether,2128,53,1,Unknown,Unknown,81
Ether,53,2128,1,Unknown,Unknown,97
Ether,2128,53,1,Unknown,Unknown,84
Ether,53,2128,1,Unknown,Unknown,110
Ether,2128,53,1,Unknown,Unknown,72
Ether,53,2128,1,Unknown,Unknown,88
Ether,14232,4026,1,Unknown,Unknown,93
Ether,4026,14232,1,Unknown,Unknown,66
Ether,4026,14232,1,Unknown,Unknown,90
Ether,6667,2848,1,Unknown,Unknown,157
Ether,2848,6667,1,Unknown,Unknown,66
Ether,14232,4026,1,Unknown,Unknown,66
Ether,2128,53,1,Unknown,Unknown,86
Ether,53,2128,1,Unknown,Unknown,138
Ether,11352,4984,1,Unknown,Unknown,108
Ether,4984,11352,1,Unknown,Unknown,66
Ether,2128,53,1,Unknown,Unknown,88
Ether,2128,53,1,Unknown,Unknown,98
Ether,53,2128,1,Unknown,Unknown,114
Ether,53,2128,1,Unknown,Unknown,122
Ether,2128,53,1,Unknown,Unknown,80
Ether,53,2128,1,Unknown,Unknown,96
Ether,6667,2848,1,Unknown,Unknown,136
Ether,2848,6667,1,Unknown,Unknown,66
Ether,6667,2848,1,Unknown,Unknown,143
Ether,2848,6667,1,Unknown,Unknown,66
Ether,14232,4026,1,Unknown,Unknown,111
Ether,4026,14232,1,Unknown,Unknown,66
Ether,,,1,Unknown,Unknown,32
Ether,2029,135,1,Unknown,Unknown,78
Ether,135,2029,1,Unknown,Unknown,54
Ether,11352,4984,1,Unknown,Unknown,93
Ether,4984,11352,1,Unknown,Unknown,66
Ether,2128,53,1,Unknown,Unknown,86
Ether,53,2128,1,Unknown,Unknown,147
Ether,4984,11352,1,Unknown,Unknown,90
Ether,11352,4984,1,Unknown,Unknown,66
Ether,1928,2996,1,Unknown,Unknown,73
Ether,2996,1928,1,Unknown,Unknown,66
Ether,2128,53,1,Unknown,Unknown,107
Ether,53,2128,1,Unknown,Unknown,123
Ether,4048,139,1,Unknown,Unknown,62
Ether,139,4048,1,Unknown,Unknown,54
Ether,8022,3863,1,Unknown,Unknown,91
Ether,3863,8022,1,Unknown,Unknown,66
Ether,3863,8022,1,Unknown,Unknown,91
Ether,8022,3863,1,Unknown,Unknown,66
Ether,6667,2848,1,Unknown,Unknown,132
Ether,2848,6667,1,Unknown,Unknown,66
Ether,2128,53,1,Unknown,Unknown,86
Ether,2128,53,1,Unknown,Unknown,87
Ether,2128,53,1,Unknown,Unknown,86
Ether,53,2128,1,Unknown,Unknown,149
Ether,53,2128,1,Unknown,Unknown,143
Ether,53,2128,1,Unknown,Unknown,138
Ether,2848,6667,1,Unknown,Unknown,82
Ether,6667,2848,1,Unknown,Unknown,66
Ether,6667,2848,1,Unknown,Unknown,1090
Ether,2848,6667,1,Unknown,Unknown,66
Ether,6667,2848,1,Unknown,Unknown,1152
Ether,2848,6667,1,Unknown,Unknown,66
Ether,2128,53,1,Unknown,Unknown,108
Ether,2128,53,1,Unknown,Unknown,103
Ether,2128,53,1,Unknown,Unknown,98
Ether,53,2128,1,Unknown,Unknown,124
Ether,53,2128,1,Unknown,Unknown,119
Ether,53,2128,1,Unknown,Unknown,114
Ether,6667,2848,1,Unknown,Unknown,160
Ether,2848,6667,1,Unknown,Unknown,66
Ether,11352,4984,1,Unknown,Unknown,99
Ether,4984,11352,1,Unknown,Unknown,66
Ether,4048,139,1,Unknown,Unknown,62
Ether,139,4048,1,Unknown,Unknown,54
Ether,2848,6667,1,Unknown,Unknown,96
Ether,6667,2848,1,Unknown,Unknown,112
Ether,2848,6667,1,Unknown,Unknown,66
Ether,14232,4026,1,Unknown,Unknown,112
Ether,4026,14232,1,Unknown,Unknown,66
Ether,3563,1215,1,Unknown,Unknown,70
Ether,1215,3563,1,Unknown,Unknown,82
Ether,3563,1215,1,Unknown,Unknown,70
Ether,11352,4984,1,Unknown,Unknown,108
Ether,4984,11352,1,Unknown,Unknown,66
Ether,2128,53,1,Unknown,Unknown,85
Ether,1215,3563,1,Unknown,Unknown,70
Ether,3563,1215,1,Unknown,Unknown,66
Ether,53,2128,1,Unknown,Unknown,133
Ether,2128,53,1,Unknown,Unknown,94
Ether,53,2128,1,Unknown,Unknown,110
Ether,4026,14232,1,Unknown,Unknown,92
Ether,4984,11352,1,Unknown,Unknown,92
Ether,3863,8022,1,Unknown,Unknown,92
Ether,11352,4984,1,Unknown,Unknown,66
Ether,8022,3863,1,Unknown,Unknown,66
Ether,14232,4026,1,Unknown,Unknown,66
Ether,6667,2848,1,Unknown,Unknown,186
Ether,2848,6667,1,Unknown,Unknown,66
Ether,6667,2848,1,Unknown,Unknown,171
Ether,2848,6667,1,Unknown,Unknown,66
Ether,14232,4026,1,Unknown,Unknown,107
Ether,4026,14232,1,Unknown,Unknown,66
Ether,8022,3863,1,Unknown,Unknown,92
Ether,3863,8022,1,Unknown,Unknown,66
Ether,6667,2848,1,Unknown,Unknown,144
Ether,2848,6667,1,Unknown,Unknown,66
Ether,2996,1928,1,Unknown,Unknown,67
Ether,1928,2996,1,Unknown,Unknown,67
Ether,2996,1928,1,Unknown,Unknown,66
Ether,2848,6667,1,Unknown,Unknown,78
Ether,6667,2848,1,Unknown,Unknown,66
Ether,6667,2848,1,Unknown,Unknown,1090
Ether,2848,6667,1,Unknown,Unknown,66
Ether,6667,2848,1,Unknown,Unknown,1514
Ether,2848,6667,1,Unknown,Unknown,66
Ether,6667,2848,1,Unknown,Unknown,1514
Ether,2848,6667,1,Unknown,Unknown,66
Ether,6667,2848,1,Unknown,Unknown,1514
Ether,2848,6667,1,Unknown,Unknown,66
Ether,6667,2848,1,Unknown,Unknown,1514
Ether,2848,6667,1,Unknown,Unknown,66
Ether,6667,2848,1,Unknown,Unknown,1514
Ether,2848,6667,1,Unknown,Unknown,66
Ether,6667,2848,1,Unknown,Unknown,1514
Ether,2848,6667,1,Unknown,Unknown,66
Ether,6667,2848,1,Unknown,Unknown,1514
Ether,2848,6667,1,Unknown,Unknown,66
Ether,6667,2848,1,Unknown,Unknown,1514
Ether,2848,6667,1,Unknown,Unknown,66
Ether,6667,2848,1,Unknown,Unknown,1514
Ether,2848,6667,1,Unknown,Unknown,66
Ether,6667,2848,1,Unknown,Unknown,1514
Ether,2848,6667,1,Unknown,Unknown,66
Ether,6667,2848,1,Unknown,Unknown,1514
Ether,2848,6667,1,Unknown,Unknown,66
Ether,6667,2848,1,Unknown,Unknown,1514
Ether,2848,6667,1,Unknown,Unknown,66
Ether,6667,2848,1,Unknown,Unknown,1514
Ether,2848,6667,1,Unknown,Unknown,66
Ether,6667,2848,1,Unknown,Unknown,1514
Ether,2848,6667,1,Unknown,Unknown,66
Ether,6667,2848,1,Unknown,Unknown,881
Ether,2848,6667,1,Unknown,Unknown,66
Ether,2848,6667,1,Unknown,Unknown,96
Ether,6667,2848,1,Unknown,Unknown,112
Ether,2848,6667,1,Unknown,Unknown,66
Ether,11352,4984,1,Unknown,Unknown,109
Ether,4984,11352,1,Unknown,Unknown,66
Ether,6667,2848,1,Unknown,Unknown,155
Ether,2848,6667,1,Unknown,Unknown,66
Ether,6667,2848,1,Unknown,Unknown,155
Ether,2848,6667,1,Unknown,Unknown,66
Ether,14232,4026,1,Unknown,Unknown,102
Ether,4026,14232,1,Unknown,Unknown,66
Ether,14232,4026,1,Unknown,Unknown,93
Ether,4026,14232,1,Unknown,Unknown,66
Ether,4026,14232,1,Unknown,Unknown,90
Ether,14232,4026,1,Unknown,Unknown,66
Ether,11352,4984,1,Unknown,Unknown,109
Ether,4984,11352,1,Unknown,Unknown,66
Ether,11352,4984,1,Unknown,Unknown,93
Ether,4984,11352,1,Unknown,Unknown,66
Ether,14232,4026,1,Unknown,Unknown,106
Ether,4026,14232,1,Unknown,Unknown,66
Ether,4984,11352,1,Unknown,Unknown,91
Ether,11352,4984,1,Unknown,Unknown,66
Ether,,,1,Unknown,Unknown,60
Ether,,,1,Unknown,Unknown,42
Ether,35990,44019,1,Unknown,Unknown,60
Ether,2128,53,1,Unknown,Unknown,86
Ether,53,2128,1,Unknown,Unknown,146
Ether,2848,6667,1,Unknown,Unknown,96
Ether,6667,2848,1,Unknown,Unknown,112
Ether,2848,6667,1,Unknown,Unknown,66
Ether,2128,53,1,Unknown,Unknown,106
Ether,53,2128,1,Unknown,Unknown,122
Ether,35990,43870,1,Unknown,Unknown,60
Ether,35990,1378,1,Unknown,Unknown,60
Ether,35990,12505,1,Unknown,Unknown,60
Ether,35990,1277,1,Unknown,Unknown,60
Ether,8022,3863,1,Unknown,Unknown,91
Ether,3863,8022,1,Unknown,Unknown,66
Ether,3863,8022,1,Unknown,Unknown,91
Ether,2128,53,1,Unknown,Unknown,84
Ether,2128,53,1,Unknown,Unknown,86
Ether,2128,53,1,Unknown,Unknown,86
Ether,2128,53,1,Unknown,Unknown,87
Ether,53,2128,1,Unknown,Unknown,137
Ether,53,2128,1,Unknown,Unknown,147
Ether,53,2128,1,Unknown,Unknown,143
Ether,53,2128,1,Unknown,Unknown,133
Ether,8022,3863,1,Unknown,Unknown,66
Ether,2128,53,1,Unknown,Unknown,99
Ether,2128,53,1,Unknown,Unknown,107
Ether,2128,53,1,Unknown,Unknown,103
Ether,2128,53,1,Unknown,Unknown,92
Ether,53,2128,1,Unknown,Unknown,115
Ether,53,2128,1,Unknown,Unknown,123
Ether,53,2128,1,Unknown,Unknown,119
Ether,53,2128,1,Unknown,Unknown,108
Ether,6667,2848,1,Unknown,Unknown,137
Ether,2848,6667,1,Unknown,Unknown,66
Ether,8022,3863,1,Unknown,Unknown,91
Ether,3863,8022,1,Unknown,Unknown,66
Ether,47452,2967,1,Unknown,Unknown,231
Ether,2967,47452,1,Unknown,Unknown,66
Ether,35990,15294,1,Unknown,Unknown,60
Ether,15294,35990,1,Unknown,Unknown,60
Ether,35990,15294,1,Unknown,Unknown,65
Ether,2128,53,1,Unknown,Unknown,85
Ether,2128,53,1,Unknown,Unknown,88
Ether,15294,35990,1,Unknown,Unknown,93
Ether,35990,42764,1,Unknown,Unknown,60
Ether,42764,35990,1,Unknown,Unknown,93
Ether,35990,36474,1,Unknown,Unknown,60
Ether,53,2128,1,Unknown,Unknown,135
Ether,53,2128,1,Unknown,Unknown,140
Ether,2128,53,1,Unknown,Unknown,96
Ether,2128,53,1,Unknown,Unknown,98
Ether,53,2128,1,Unknown,Unknown,112
Ether,53,2128,1,Unknown,Unknown,114
Ether,35990,12881,1,Unknown,Unknown,60
Ether,35990,25906,1,Unknown,Unknown,60
Ether,35990,3444,1,Unknown,Unknown,60
Ether,35990,16329,1,Unknown,Unknown,60
Ether,,,1,Unknown,Unknown,70
Ether,,,1,Unknown,Unknown,70
Ether,11352,4984,1,Unknown,Unknown,112
Ether,4984,11352,1,Unknown,Unknown,66
Ether,14232,4026,1,Unknown,Unknown,114
Ether,4026,14232,1,Unknown,Unknown,66
Ether,,,1,Unknown,Unknown,32
Ether,2128,53,1,Unknown,Unknown,87
Ether,2128,53,1,Unknown,Unknown,87
Ether,2128,53,1,Unknown,Unknown,87
Ether,2128,53,1,Unknown,Unknown,87
Ether,2128,53,1,Unknown,Unknown,85
Ether,2128,53,1,Unknown,Unknown,86
Ether,53,2128,1,Unknown,Unknown,149
Ether,53,2128,1,Unknown,Unknown,149
Ether,53,2128,1,Unknown,Unknown,149
Ether,53,2128,1,Unknown,Unknown,135
Ether,53,2128,1,Unknown,Unknown,145
Ether,53,2128,1,Unknown,Unknown,147
Ether,2128,53,1,Unknown,Unknown,108
Ether,2128,53,1,Unknown,Unknown,108
Ether,2128,53,1,Unknown,Unknown,108
Ether,2128,53,1,Unknown,Unknown,94
Ether,2128,53,1,Unknown,Unknown,106
Ether,2128,53,1,Unknown,Unknown,107
Ether,53,2128,1,Unknown,Unknown,124
Ether,53,2128,1,Unknown,Unknown,124
Ether,53,2128,1,Unknown,Unknown,124
Ether,53,2128,1,Unknown,Unknown,110
Ether,53,2128,1,Unknown,Unknown,122
Ether,53,2128,1,Unknown,Unknown,123
Ether,35990,8788,1,Unknown,Unknown,60
Ether,8788,35990,1,Unknown,Unknown,93
Ether,35990,57322,1,Unknown,Unknown,60
Ether,57322,35990,1,Unknown,Unknown,60
Ether,1312,57322,1,Unknown,Unknown,74
Ether,35990,60142,1,Unknown,Unknown,60
Ether,,,1,Unknown,Unknown,70
Ether,57322,1312,1,Unknown,Unknown,78
Ether,1312,57322,1,Unknown,Unknown,66
Ether,1312,57322,1,Unknown,Unknown,80
Ether,57322,1312,1,Unknown,Unknown,139
Ether,1312,57322,1,Unknown,Unknown,66
Ether,1312,57322,1,Unknown,Unknown,91
Ether,57322,1312,1,Unknown,Unknown,653
Ether,1312,57322,1,Unknown,Unknown,82
Ether,57322,1312,1,Unknown,Unknown,340
Ether,1312,57322,1,Unknown,Unknown,66
Ether,2128,53,1,Unknown,Unknown,86
Ether,2128,53,1,Unknown,Unknown,87
Ether,53,2128,1,Unknown,Unknown,135
Ether,1312,57322,1,Unknown,Unknown,77
Ether,60577,33435,1,Unknown,Unknown,78
Ether,53,2128,1,Unknown,Unknown,134
Ether,,,1,Unknown,Unknown,70
Ether,57322,1312,1,Unknown,Unknown,725
Ether,1312,57322,1,Unknown,Unknown,111
Ether,57322,1312,1,Unknown,Unknown,70
Ether,1312,57322,1,Unknown,Unknown,66
Ether,1325,33033,1,Unknown,Unknown,74
Ether,33033,1325,1,Unknown,Unknown,74
Ether,1325,33033,1,Unknown,Unknown,66
Ether,35990,6293,1,Unknown,Unknown,64
Ether,35990,51361,1,Unknown,Unknown,64
Ether,1325,33033,1,Unknown,Unknown,71
Ether,2128,53,1,Unknown,Unknown,87
Ether,2128,53,1,Unknown,Unknown,95
Ether,2128,53,1,Unknown,Unknown,93
Ether,2128,53,1,Unknown,Unknown,87
Ether,2128,53,1,Unknown,Unknown,88
Ether,2128,53,1,Unknown,Unknown,86
Ether,53,2128,1,Unknown,Unknown,111
Ether,53,2128,1,Unknown,Unknown,109
Ether,6293,35990,1,Unknown,Unknown,700
Ether,35990,57549,1,Unknown,Unknown,60
Ether,35990,26744,1,Unknown,Unknown,60
Ether,35990,1749,1,Unknown,Unknown,60
Ether,35990,38930,1,Unknown,Unknown,60
Ether,33033,1325,1,Unknown,Unknown,66
Ether,53,2128,1,Unknown,Unknown,132
Ether,51361,35990,1,Unknown,Unknown,711
Ether,33033,1325,1,Unknown,Unknown,71
Ether,1325,33033,1,Unknown,Unknown,66
Ether,1325,33033,1,Unknown,Unknown,517
Ether,53,2128,1,Unknown,Unknown,137
Ether,53,2128,1,Unknown,Unknown,119
Ether,60582,33435,1,Unknown,Unknown,78
Ether,60583,33435,1,Unknown,Unknown,78
Ether,60579,33435,1,Unknown,Unknown,78
Ether,60577,33436,1,Unknown,Unknown,78
Ether,,,1,Unknown,Unknown,70
Ether,60582,33436,1,Unknown,Unknown,78
Ether,,,1,Unknown,Unknown,70
Ether,60583,33436,1,Unknown,Unknown,78
Ether,,,1,Unknown,Unknown,70
Ether,60579,33436,1,Unknown,Unknown,78
Ether,,,1,Unknown,Unknown,70
Ether,60577,33437,1,Unknown,Unknown,78
Ether,,,1,Unknown,Unknown,70
Ether,53,2128,1,Unknown,Unknown,88
Ether,38930,35990,1,Unknown,Unknown,68
Ether,,,1,Unknown,Unknown,70
Ether,,,1,Unknown,Unknown,70
Ether,,,1,Unknown,Unknown,70
Ether,60577,33438,1,Unknown,Unknown,78
Ether,26744,35990,1,Unknown,Unknown,68
Ether,35990,26744,1,Unknown,Unknown,60
Ether,,,1,Unknown,Unknown,70
Ether,33033,1325,1,Unknown,Unknown,66
Ether,60579,33437,1,Unknown,Unknown,78
Ether,60583,33437,1,Unknown,Unknown,78
Ether,60582,33437,1,Unknown,Unknown,78
Ether,,,1,Unknown,Unknown,70
Ether,60579,33438,1,Unknown,Unknown,78
Ether,,,1,Unknown,Unknown,70
Ether,60583,33438,1,Unknown,Unknown,78
Ether,,,1,Unknown,Unknown,70
Ether,60582,33438,1,Unknown,Unknown,78
Ether,,,1,Unknown,Unknown,70
Ether,,,1,Unknown,Unknown,70
Ether,,,1,Unknown,Unknown,70
Ether,26744,35990,1,Unknown,Unknown,68
Ether,35990,26744,1,Unknown,Unknown,60
Ether,57549,35990,1,Unknown,Unknown,68
Ether,35990,57549,1,Unknown,Unknown,60
Ether,60586,33435,1,Unknown,Unknown,1464
Ether,26744,35990,1,Unknown,Unknown,68
Ether,35990,26744,1,Unknown,Unknown,60
Ether,33033,1325,1,Unknown,Unknown,298
Ether,1325,33033,1,Unknown,Unknown,84
Ether,35990,12350,1,Unknown,Unknown,69
Ether,1312,57322,1,Unknown,Unknown,79
Ether,26744,35990,1,Unknown,Unknown,68
Ether,35990,26744,1,Unknown,Unknown,60
Ether,33033,1325,1,Unknown,Unknown,66
Ether,12350,35990,1,Unknown,Unknown,64
Ether,33033,1325,1,Unknown,Unknown,133
Ether,57322,1312,1,Unknown,Unknown,114
Ether,1312,57322,1,Unknown,Unknown,66
Ether,35990,62738,1,Unknown,Unknown,72
Ether,35990,3944,1,Unknown,Unknown,72
Ether,35990,44872,1,Unknown,Unknown,72
Ether,1325,33033,1,Unknown,Unknown,66
Ether,26744,35990,1,Unknown,Unknown,68
Ether,57549,35990,1,Unknown,Unknown,68
Ether,35990,57549,1,Unknown,Unknown,60
Ether,44872,35990,1,Unknown,Unknown,60
Ether,1312,57322,1,Unknown,Unknown,79
Ether,3944,35990,1,Unknown,Unknown,60
Ether,57322,1312,1,Unknown,Unknown,148
Ether,1312,57322,1,Unknown,Unknown,66
Ether,57549,35990,1,Unknown,Unknown,68
Ether,35990,57549,1,Unknown,Unknown,60
Ether,35990,27256,1,Unknown,Unknown,72
Ether,35990,18453,1,Unknown,Unknown,72
Ether,27256,35990,1,Unknown,Unknown,60
Ether,35990,58546,1,Unknown,Unknown,72
Ether,2128,53,1,Unknown,Unknown,92
Ether,2128,53,1,Unknown,Unknown,96
Ether,2128,53,1,Unknown,Unknown,78
Ether,53,2128,1,Unknown,Unknown,108
Ether,53,2128,1,Unknown,Unknown,112
Ether,53,2128,1,Unknown,Unknown,94
Ether,2130,53,1,Unknown,Unknown,72
Ether,2130,53,1,Unknown,Unknown,72
Ether,18453,35990,1,Unknown,Unknown,60
Ether,35990,35466,1,Unknown,Unknown,72
Ether,53,2130,1,Unknown,Unknown,88
Ether,3621,80,1,Unknown,Unknown,74
Ether,58546,35990,1,Unknown,Unknown,60
Ether,35990,55335,1,Unknown,Unknown,72
Ether,80,3621,1,Unknown,Unknown,74
Ether,3621,80,1,Unknown,Unknown,66
Ether,3621,80,1,Unknown,Unknown,232
Ether,80,3621,1,Unknown,Unknown,66
Ether,80,3621,1,Unknown,Unknown,462
Ether,3621,80,1,Unknown,Unknown,66
Ether,80,3621,1,Unknown,Unknown,66
Ether,3621,80,1,Unknown,Unknown,66
Ether,57549,35990,1,Unknown,Unknown,68
Ether,35990,57549,1,Unknown,Unknown,60
Ether,35466,35990,1,Unknown,Unknown,60
Ether,35990,3523,1,Unknown,Unknown,72
Ether,80,3621,1,Unknown,Unknown,66
Ether,55335,35990,1,Unknown,Unknown,60
Ether,35990,62738,1,Unknown,Unknown,63
Ether,3523,35990,1,Unknown,Unknown,60
Ether,57549,35990,1,Unknown,Unknown,68
Ether,2128,53,1,Unknown,Unknown,86
Ether,2128,53,1,Unknown,Unknown,87
Ether,2128,53,1,Unknown,Unknown,88
Ether,2128,53,1,Unknown,Unknown,86
Ether,2128,53,1,Unknown,Unknown,87
Ether,2128,53,1,Unknown,Unknown,85
Ether,2128,53,1,Unknown,Unknown,87
Ether,2128,53,1,Unknown,Unknown,88
Ether,2128,53,1,Unknown,Unknown,88
Ether,2128,53,1,Unknown,Unknown,87
Ether,2128,53,1,Unknown,Unknown,85
Ether,2128,53,1,Unknown,Unknown,86
Ether,2128,53,1,Unknown,Unknown,87
Ether,2128,53,1,Unknown,Unknown,86
Ether,2128,53,1,Unknown,Unknown,87
Ether,2128,53,1,Unknown,Unknown,86
Ether,2128,53,1,Unknown,Unknown,86
Ether,2128,53,1,Unknown,Unknown,87
Ether,2128,53,1,Unknown,Unknown,86
Ether,2128,53,1,Unknown,Unknown,84
Ether,2128,53,1,Unknown,Unknown,83
Ether,2128,53,1,Unknown,Unknown,86
Ether,2128,53,1,Unknown,Unknown,85
Ether,53,2128,1,Unknown,Unknown,86
Ether,60589,33435,1,Unknown,Unknown,464
Ether,53,2128,1,Unknown,Unknown,139
Ether,53,2128,1,Unknown,Unknown,142
Ether,53,2128,1,Unknown,Unknown,87
Ether,53,2128,1,Unknown,Unknown,85
Ether,53,2128,1,Unknown,Unknown,122
Ether,53,2128,1,Unknown,Unknown,128
Ether,53,2128,1,Unknown,Unknown,86
Ether,53,2128,1,Unknown,Unknown,87
Ether,53,2128,1,Unknown,Unknown,133
Ether,53,2128,1,Unknown,Unknown,86
Ether,53,2128,1,Unknown,Unknown,86
Ether,53,2128,1,Unknown,Unknown,134
Ether,53,2128,1,Unknown,Unknown,135
Ether,53,2128,1,Unknown,Unknown,142
Ether,53,2128,1,Unknown,Unknown,134
Ether,53,2128,1,Unknown,Unknown,88
Ether,53,2128,1,Unknown,Unknown,147
Ether,53,2128,1,Unknown,Unknown,155
Ether,53,2128,1,Unknown,Unknown,129
Ether,53,2128,1,Unknown,Unknown,131
Ether,2128,53,1,Unknown,Unknown,98
Ether,2128,53,1,Unknown,Unknown,101
Ether,2128,53,1,Unknown,Unknown,80
Ether,2128,53,1,Unknown,Unknown,89
Ether,2128,53,1,Unknown,Unknown,92
Ether,2128,53,1,Unknown,Unknown,94
Ether,2128,53,1,Unknown,Unknown,95
Ether,2128,53,1,Unknown,Unknown,101
Ether,2128,53,1,Unknown,Unknown,96
Ether,2128,53,1,Unknown,Unknown,106
Ether,2128,53,1,Unknown,Unknown,115
Ether,2128,53,1,Unknown,Unknown,92
Ether,2128,53,1,Unknown,Unknown,92
Ether,53,2128,1,Unknown,Unknown,114
Ether,53,2128,1,Unknown,Unknown,117
Ether,53,2128,1,Unknown,Unknown,96
Ether,53,2128,1,Unknown,Unknown,105
Ether,53,2128,1,Unknown,Unknown,108
Ether,53,2128,1,Unknown,Unknown,110
Ether,53,2128,1,Unknown,Unknown,111
Ether,53,2128,1,Unknown,Unknown,117
Ether,2130,53,1,Unknown,Unknown,72
Ether,53,2128,1,Unknown,Unknown,112
Ether,53,2128,1,Unknown,Unknown,122
Ether,53,2128,1,Unknown,Unknown,131
Ether,53,2128,1,Unknown,Unknown,108
Ether,53,2128,1,Unknown,Unknown,108
Ether,53,2128,1,Unknown,Unknown,138
Ether,35990,62738,1,Unknown,Unknown,72
Ether,53,2128,1,Unknown,Unknown,124
Ether,35990,62738,1,Unknown,Unknown,63
Ether,2128,53,1,Unknown,Unknown,98
Ether,2128,53,1,Unknown,Unknown,82
Ether,53,2128,1,Unknown,Unknown,114
Ether,53,2128,1,Unknown,Unknown,98
Ether,53,2130,1,Unknown,Unknown,136
Ether,2130,53,1,Unknown,Unknown,72
Ether,53,2130,1,Unknown,Unknown,136
Ether,8022,3863,1,Unknown,Unknown,92
Ether,3863,8022,1,Unknown,Unknown,66
Ether,11352,4984,1,Unknown,Unknown,109
Ether,4984,11352,1,Unknown,Unknown,66
Ether,60592,33435,1,Unknown,Unknown,464
Ether,2130,53,1,Unknown,Unknown,72
Ether,53,2130,1,Unknown,Unknown,127
Ether,2130,53,1,Unknown,Unknown,72
Ether,53,2130,1,Unknown,Unknown,127
Ether,35990,62738,1,Unknown,Unknown,72
Ether,2848,6667,1,Unknown,Unknown,96
Ether,6667,2848,1,Unknown,Unknown,112
Ether,2848,6667,1,Unknown,Unknown,66
Ether,35990,62738,1,Unknown,Unknown,63
Ether,60595,33435,1,Unknown,Unknown,464
Ether,14232,4026,1,Unknown,Unknown,108
Ether,4026,14232,1,Unknown,Unknown,66
Ether,6667,2848,1,Unknown,Unknown,267
Ether,2848,6667,1,Unknown,Unknown,66
Ether,11421,3544,1,Unknown,Unknown,231
Ether,3544,11421,1,Unknown,Unknown,66
Ether,2128,53,1,Unknown,Unknown,88
Ether,53,2128,1,Unknown,Unknown,135
Ether,2128,53,1,Unknown,Unknown,93
Ether,53,2128,1,Unknown,Unknown,109
Ether,35990,55335,1,Unknown,Unknown,63
Ether,55335,35990,1,Unknown,Unknown,118
Ether,35990,47070,1,Unknown,Unknown,72
Ether,35990,7150,1,Unknown,Unknown,72
Ether,35990,53311,1,Unknown,Unknown,72
Ether,53311,35990,1,Unknown,Unknown,60
Ether,47070,35990,1,Unknown,Unknown,60
Ether,35990,39085,1,Unknown,Unknown,72
Ether,35990,56792,1,Unknown,Unknown,72
Ether,7150,35990,1,Unknown,Unknown,60
Ether,35990,56626,1,Unknown,Unknown,72
Ether,39085,35990,1,Unknown,Unknown,60
Ether,35990,30241,1,Unknown,Unknown,72
Ether,30241,35990,1,Unknown,Unknown,60
Ether,56626,35990,1,Unknown,Unknown,60
Ether,56792,35990,1,Unknown,Unknown,60
Ether,35990,56626,1,Unknown,Unknown,388
Ether,35990,39085,1,Unknown,Unknown,388
Ether,35990,7150,1,Unknown,Unknown,388
Ether,35990,47070,1,Unknown,Unknown,388
Ether,35990,55335,1,Unknown,Unknown,388
Ether,35990,58546,1,Unknown,Unknown,388
Ether,35990,44872,1,Unknown,Unknown,388
Ether,35990,3944,1,Unknown,Unknown,388
Ether,39085,35990,1,Unknown,Unknown,60
Ether,56626,35990,1,Unknown,Unknown,60
Ether,47070,35990,1,Unknown,Unknown,60
Ether,55335,35990,1,Unknown,Unknown,60
Ether,7150,35990,1,Unknown,Unknown,60
Ether,58546,35990,1,Unknown,Unknown,60
Ether,44872,35990,1,Unknown,Unknown,60
Ether,3944,35990,1,Unknown,Unknown,60
Ether,51318,35990,1,Unknown,Unknown,63
Ether,35990,51318,1,Unknown,Unknown,53
Ether,35990,12350,1,Unknown,Unknown,69
Ether,2128,53,1,Unknown,Unknown,86
Ether,2128,53,1,Unknown,Unknown,86
Ether,2128,53,1,Unknown,Unknown,86
Ether,2128,53,1,Unknown,Unknown,87
Ether,2128,53,1,Unknown,Unknown,87
Ether,2128,53,1,Unknown,Unknown,87
Ether,2128,53,1,Unknown,Unknown,85
Ether,2128,53,1,Unknown,Unknown,86
Ether,12350,35990,1,Unknown,Unknown,64
Ether,2576,12350,1,Unknown,Unknown,74
Ether,12350,2576,1,Unknown,Unknown,74
Ether,2576,12350,1,Unknown,Unknown,66
Ether,2576,12350,1,Unknown,Unknown,71
Ether,53,2128,1,Unknown,Unknown,141
Ether,53,2128,1,Unknown,Unknown,86
Ether,12350,2576,1,Unknown,Unknown,66
Ether,53,2128,1,Unknown,Unknown,135
Ether,53,2128,1,Unknown,Unknown,136
Ether,53,2128,1,Unknown,Unknown,120
Ether,53,2128,1,Unknown,Unknown,134
Ether,53,2128,1,Unknown,Unknown,137
Ether,12350,2576,1,Unknown,Unknown,71
Ether,2576,12350,1,Unknown,Unknown,66
Ether,2576,12350,1,Unknown,Unknown,326
Ether,53,2128,1,Unknown,Unknown,131
Ether,12350,2576,1,Unknown,Unknown,66
Ether,12350,2576,1,Unknown,Unknown,82
Ether,2576,12350,1,Unknown,Unknown,66
Ether,12350,2576,1,Unknown,Unknown,134
Ether,2576,12350,1,Unknown,Unknown,66
Ether,2576,12350,1,Unknown,Unknown,91
Ether,12350,2576,1,Unknown,Unknown,66
Ether,12350,2576,1,Unknown,Unknown,87
Ether,2576,12350,1,Unknown,Unknown,66
Ether,2128,53,1,Unknown,Unknown,100
Ether,2128,53,1,Unknown,Unknown,95
Ether,2128,53,1,Unknown,Unknown,96
Ether,2128,53,1,Unknown,Unknown,81
Ether,2128,53,1,Unknown,Unknown,93
Ether,2128,53,1,Unknown,Unknown,96
Ether,2128,53,1,Unknown,Unknown,91
Ether,53,2128,1,Unknown,Unknown,116
Ether,53,2128,1,Unknown,Unknown,111
Ether,53,2128,1,Unknown,Unknown,112
Ether,53,2128,1,Unknown,Unknown,97
Ether,53,2128,1,Unknown,Unknown,109
Ether,53,2128,1,Unknown,Unknown,112
Ether,53,2128,1,Unknown,Unknown,107
Ether,11352,4984,1,Unknown,Unknown,110
Ether,4984,11352,1,Unknown,Unknown,66
Ether,14232,4026,1,Unknown,Unknown,92
Ether,4026,14232,1,Unknown,Unknown,66
Ether,8022,3863,1,Unknown,Unknown,91
Ether,3863,8022,1,Unknown,Unknown,66
Ether,4026,14232,1,Unknown,Unknown,90
Ether,3863,8022,1,Unknown,Unknown,91
Ether,14232,4026,1,Unknown,Unknown,66
Ether,8022,3863,1,Unknown,Unknown,66
Ether,14232,4026,1,Unknown,Unknown,109
Ether,4026,14232,1,Unknown,Unknown,66
Ether,6667,2848,1,Unknown,Unknown,168
Ether,2848,6667,1,Unknown,Unknown,66
Ether,,,1,Unknown,Unknown,60
Ether,2128,53,1,Unknown,Unknown,82
Ether,53,2128,1,Unknown,Unknown,117
Ether,2128,53,1,Unknown,Unknown,81
Ether,53,2128,1,Unknown,Unknown,97
Ether,2848,6667,1,Unknown,Unknown,96
Ether,6667,2848,1,Unknown,Unknown,112
Ether,2848,6667,1,Unknown,Unknown,66
Ether,11352,4984,1,Unknown,Unknown,93
Ether,4984,11352,1,Unknown,Unknown,66
Ether,4984,11352,1,Unknown,Unknown,90
Ether,11352,4984,1,Unknown,Unknown,66
Ether,11352,4984,1,Unknown,Unknown,107
Ether,4984,11352,1,Unknown,Unknown,66
Ether,1325,33033,1,Unknown,Unknown,66
Ether,33033,1325,1,Unknown,Unknown,66
Ether,1325,33033,1,Unknown,Unknown,66
Ether,33033,1325,1,Unknown,Unknown,66
Ether,2848,6667,1,Unknown,Unknown,82
Ether,6667,2848,1,Unknown,Unknown,1090
Ether,2848,6667,1,Unknown,Unknown,66
Ether,6667,2848,1,Unknown,Unknown,1152
Ether,2848,6667,1,Unknown,Unknown,66
Ether,14232,4026,1,Unknown,Unknown,109
Ether,4026,14232,1,Unknown,Unknown,66
Ether,14232,4026,1,Unknown,Unknown,109
Ether,4026,14232,1,Unknown,Unknown,78
Ether,6667,2848,1,Unknown,Unknown,156
Ether,2848,6667,1,Unknown,Unknown,66
Ether,11352,4984,1,Unknown,Unknown,111
Ether,4984,11352,1,Unknown,Unknown,66
Ether,6667,2848,1,Unknown,Unknown,158
Ether,2848,6667,1,Unknown,Unknown,66
Ether,14232,4026,1,Unknown,Unknown,110
Ether,4026,14232,1,Unknown,Unknown,66
Ether,6667,2848,1,Unknown,Unknown,203
Ether,2848,6667,1,Unknown,Unknown,66
Ether,35990,56626,1,Unknown,Unknown,388
Ether,35990,39085,1,Unknown,Unknown,388
Ether,35990,7150,1,Unknown,Unknown,388
Ether,35990,47070,1,Unknown,Unknown,388
Ether,35990,55335,1,Unknown,Unknown,388
Ether,35990,58546,1,Unknown,Unknown,388
Ether,35990,44872,1,Unknown,Unknown,388
Ether,35990,3944,1,Unknown,Unknown,388
Ether,1312,57322,1,Unknown,Unknown,79
Ether,39085,35990,1,Unknown,Unknown,60
Ether,56626,35990,1,Unknown,Unknown,60
Ether,47070,35990,1,Unknown,Unknown,60
Ether,55335,35990,1,Unknown,Unknown,60
Ether,58546,35990,1,Unknown,Unknown,60
Ether,7150,35990,1,Unknown,Unknown,60
Ether,44872,35990,1,Unknown,Unknown,60
Ether,57322,1312,1,Unknown,Unknown,114
Ether,1312,57322,1,Unknown,Unknown,66
Ether,35990,10421,1,Unknown,Unknown,388
Ether,35990,57683,1,Unknown,Unknown,388
Ether,35990,23830,1,Unknown,Unknown,388
Ether,35990,11827,1,Unknown,Unknown,388
Ether,3944,35990,1,Unknown,Unknown,60
Ether,23830,35990,1,Unknown,Unknown,60
Ether,10421,35990,1,Unknown,Unknown,60
Ether,57683,35990,1,Unknown,Unknown,60
Ether,,,1,Unknown,Unknown,60
Ether,,,1,Unknown,Unknown,42
Ether,11827,35990,1,Unknown,Unknown,60
Ether,2576,12350,1,Unknown,Unknown,66
Ether,12350,2576,1,Unknown,Unknown,66
Ether,2576,12350,1,Unknown,Unknown,66
Ether,2848,6667,1,Unknown,Unknown,96
Ether,6667,2848,1,Unknown,Unknown,112
Ether,2848,6667,1,Unknown,Unknown,66
Ether,2128,53,1,Unknown,Unknown,85
Ether,2128,53,1,Unknown,Unknown,86
Ether,2128,53,1,Unknown,Unknown,86
Ether,2128,53,1,Unknown,Unknown,85
Ether,53,2128,1,Unknown,Unknown,130
Ether,53,2128,1,Unknown,Unknown,133
Ether,53,2128,1,Unknown,Unknown,133
Ether,53,2128,1,Unknown,Unknown,152
Ether,2128,53,1,Unknown,Unknown,91
Ether,2128,53,1,Unknown,Unknown,93
Ether,2128,53,1,Unknown,Unknown,94
Ether,2128,53,1,Unknown,Unknown,112
Ether,53,2128,1,Unknown,Unknown,107
Ether,53,2128,1,Unknown,Unknown,109
Ether,53,2128,1,Unknown,Unknown,110
Ether,53,2128,1,Unknown,Unknown,128
Ether,6667,2848,1,Unknown,Unknown,135
Ether,2848,6667,1,Unknown,Unknown,66
Ether,8022,3863,1,Unknown,Unknown,91
Ether,3863,8022,1,Unknown,Unknown,66
Ether,3863,8022,1,Unknown,Unknown,91
Ether,8022,3863,1,Unknown,Unknown,66
Ether,6667,2848,1,Unknown,Unknown,164
Ether,2848,6667,1,Unknown,Unknown,66
Ether,11352,4984,1,Unknown,Unknown,109
Ether,4984,11352,1,Unknown,Unknown,66
Ether,2848,6667,1,Unknown,Unknown,78
Ether,6667,2848,1,Unknown,Unknown,1090
Ether,2848,6667,1,Unknown,Unknown,66
Ether,6667,2848,1,Unknown,Unknown,1514
Ether,2848,6667,1,Unknown,Unknown,66
Ether,6667,2848,1,Unknown,Unknown,1514
Ether,2848,6667,1,Unknown,Unknown,66
Ether,6667,2848,1,Unknown,Unknown,1514
Ether,2848,6667,1,Unknown,Unknown,66
Ether,6667,2848,1,Unknown,Unknown,1514
Ether,2848,6667,1,Unknown,Unknown,66
Ether,6667,2848,1,Unknown,Unknown,1514
Ether,2848,6667,1,Unknown,Unknown,66
Ether,6667,2848,1,Unknown,Unknown,1514
Ether,2848,6667,1,Unknown,Unknown,66
Ether,6667,2848,1,Unknown,Unknown,1514
Ether,2848,6667,1,Unknown,Unknown,66
Ether,6667,2848,1,Unknown,Unknown,1514
Ether,2848,6667,1,Unknown,Unknown,66
Ether,6667,2848,1,Unknown,Unknown,1514
Ether,2848,6667,1,Unknown,Unknown,66
Ether,6667,2848,1,Unknown,Unknown,1514
Ether,2848,6667,1,Unknown,Unknown,66
Ether,6667,2848,1,Unknown,Unknown,1514
Ether,2848,6667,1,Unknown,Unknown,66
Ether,6667,2848,1,Unknown,Unknown,1514
Ether,2848,6667,1,Unknown,Unknown,66
Ether,6667,2848,1,Unknown,Unknown,1514
Ether,2848,6667,1,Unknown,Unknown,66
Ether,6667,2848,1,Unknown,Unknown,1514
Ether,2848,6667,1,Unknown,Unknown,66
Ether,6667,2848,1,Unknown,Unknown,737
Ether,2848,6667,1,Unknown,Unknown,66
Ether,2577,12350,1,Unknown,Unknown,74
Ether,12350,2577,1,Unknown,Unknown,74
Ether,2577,12350,1,Unknown,Unknown,66
Ether,2577,12350,1,Unknown,Unknown,71
Ether,12350,2577,1,Unknown,Unknown,66
Ether,12350,2577,1,Unknown,Unknown,71
Ether,2577,12350,1,Unknown,Unknown,66
Ether,2577,12350,1,Unknown,Unknown,323
Ether,12350,2577,1,Unknown,Unknown,66
Ether,12350,2577,1,Unknown,Unknown,82
Ether,2577,12350,1,Unknown,Unknown,66
Ether,12350,2577,1,Unknown,Unknown,90
Ether,2577,12350,1,Unknown,Unknown,66
Ether,14232,4026,1,Unknown,Unknown,108
Ether,4026,14232,1,Unknown,Unknown,66
Ether,,,1,Unknown,Unknown,32
Ether,1312,57322,1,Unknown,Unknown,123
Ether,22619,35990,1,Unknown,Unknown,62
Ether,35990,22619,1,Unknown,Unknown,53
Ether,2577,12350,1,Unknown,Unknown,97
Ether,57322,1312,1,Unknown,Unknown,66
Ether,12350,2577,1,Unknown,Unknown,66
Ether,4464,35990,1,Unknown,Unknown,66
Ether,35990,4464,1,Unknown,Unknown,66
Ether,57322,1312,1,Unknown,Unknown,87
Ether,1312,57322,1,Unknown,Unknown,66
Ether,12350,2577,1,Unknown,Unknown,84
Ether,2577,12350,1,Unknown,Unknown,66
Ether,2128,53,1,Unknown,Unknown,86
Ether,53,2128,1,Unknown,Unknown,86
Ether,4464,35990,1,Unknown,Unknown,60
Ether,4464,35990,1,Unknown,Unknown,83
Ether,35990,4464,1,Unknown,Unknown,54
Ether,35990,4464,1,Unknown,Unknown,68
Ether,4464,35990,1,Unknown,Unknown,66
Ether,35990,4464,1,Unknown,Unknown,58
Ether,4464,35990,1,Unknown,Unknown,60
Ether,35990,4464,1,Unknown,Unknown,54
Ether,4464,35990,1,Unknown,Unknown,60
Ether,4464,35990,1,Unknown,Unknown,60
Ether,14232,4026,1,Unknown,Unknown,93
Ether,4026,14232,1,Unknown,Unknown,66
Ether,4026,14232,1,Unknown,Unknown,90
Ether,14232,4026,1,Unknown,Unknown,66
Ether,11352,4984,1,Unknown,Unknown,108
Ether,4984,11352,1,Unknown,Unknown,66
Ether,2848,6667,1,Unknown,Unknown,96
Ether,6667,2848,1,Unknown,Unknown,112
Ether,2848,6667,1,Unknown,Unknown,66
Ether,14232,4026,1,Unknown,Unknown,106
Ether,4026,14232,1,Unknown,Unknown,66
Ether,11352,4984,1,Unknown,Unknown,93
Ether,4984,11352,1,Unknown,Unknown,66
Ether,4984,11352,1,Unknown,Unknown,90
Ether,6667,2848,1,Unknown,Unknown,173
Ether,2848,6667,1,Unknown,Unknown,66
Ether,11352,4984,1,Unknown,Unknown,66
Ether,3563,1215,1,Unknown,Unknown,70
Ether,1215,3563,1,Unknown,Unknown,82
Ether,3563,1215,1,Unknown,Unknown,70
Ether,1215,3563,1,Unknown,Unknown,70
Ether,3563,1215,1,Unknown,Unknown,66
Ether,11352,4984,1,Unknown,Unknown,107
Ether,4984,11352,1,Unknown,Unknown,66
Ether,6667,2848,1,Unknown,Unknown,154
Ether,2848,6667,1,Unknown,Unknown,66
Ether,14232,4026,1,Unknown,Unknown,112
Ether,4026,14232,1,Unknown,Unknown,66
Ether,8022,3863,1,Unknown,Unknown,91
Ether,3863,8022,1,Unknown,Unknown,66
Ether,3863,8022,1,Unknown,Unknown,91
Ether,8022,3863,1,Unknown,Unknown,66
Ether,2996,1928,1,Unknown,Unknown,67
Ether,2996,1928,1,Unknown,Unknown,67
Ether,2996,1928,1,Unknown,Unknown,67
Ether,2848,6667,1,Unknown,Unknown,96
Ether,6667,2848,1,Unknown,Unknown,66
Ether,6667,2848,1,Unknown,Unknown,112
Ether,2848,6667,1,Unknown,Unknown,66
Ether,2996,1928,1,Unknown,Unknown,67
Ether,35990,22619,1,Unknown,Unknown,60
Ether,22619,35990,1,Unknown,Unknown,68
Ether,11352,4984,1,Unknown,Unknown,106
Ether,4984,11352,1,Unknown,Unknown,66
Ether,2577,12350,1,Unknown,Unknown,66
Ether,12350,2577,1,Unknown,Unknown,66
Ether,2577,12350,1,Unknown,Unknown,66
Ether,9908,1782,1,Unknown,Unknown,66
Ether,1782,9908,1,Unknown,Unknown,66
Ether,1630,9908,1,Unknown,Unknown,74
Ether,1367,29344,1,Unknown,Unknown,74
Ether,1040,33155,1,Unknown,Unknown,74
Ether,2533,59605,1,Unknown,Unknown,74
Ether,4264,18050,1,Unknown,Unknown,74
Ether,1136,33667,1,Unknown,Unknown,74
Ether,2327,29832,1,Unknown,Unknown,74
Ether,2946,32333,1,Unknown,Unknown,74
Ether,2627,60229,1,Unknown,Unknown,74
Ether,2167,17197,1,Unknown,Unknown,74
Ether,18050,4264,1,Unknown,Unknown,78
Ether,4264,18050,1,Unknown,Unknown,66
Ether,4264,18050,1,Unknown,Unknown,72
Ether,60229,2627,1,Unknown,Unknown,78
Ether,2627,60229,1,Unknown,Unknown,66
Ether,2627,60229,1,Unknown,Unknown,72
Ether,29344,1367,1,Unknown,Unknown,78
Ether,1367,29344,1,Unknown,Unknown,66
Ether,1367,29344,1,Unknown,Unknown,72
Ether,9908,1630,1,Unknown,Unknown,78
Ether,1630,9908,1,Unknown,Unknown,66
Ether,1630,9908,1,Unknown,Unknown,72
Ether,9908,1782,1,Unknown,Unknown,66
Ether,2128,53,1,Unknown,Unknown,87
Ether,32333,2946,1,Unknown,Unknown,60
Ether,4244,8075,1,Unknown,Unknown,74
Ether,18050,4264,1,Unknown,Unknown,204
Ether,4264,18050,1,Unknown,Unknown,66
Ether,2627,60229,1,Unknown,Unknown,66
Ether,1367,29344,1,Unknown,Unknown,66
Ether,1630,9908,1,Unknown,Unknown,66
Ether,4264,18050,1,Unknown,Unknown,125
Ether,29344,1367,1,Unknown,Unknown,204
Ether,1367,29344,1,Unknown,Unknown,54
Ether,53,2128,1,Unknown,Unknown,135
Ether,60229,2627,1,Unknown,Unknown,66
Ether,60229,2627,1,Unknown,Unknown,66
Ether,2627,60229,1,Unknown,Unknown,54
Ether,29344,1367,1,Unknown,Unknown,66
Ether,1367,29344,1,Unknown,Unknown,54
Ether,29344,1367,1,Unknown,Unknown,66
Ether,1367,29344,1,Unknown,Unknown,54
Ether,9908,1630,1,Unknown,Unknown,66
Ether,9908,1630,1,Unknown,Unknown,66
Ether,1630,9908,1,Unknown,Unknown,54
Ether,18050,4264,1,Unknown,Unknown,81
Ether,2996,1928,1,Unknown,Unknown,67
Ether,4264,18050,1,Unknown,Unknown,66
Ether,29832,2327,1,Unknown,Unknown,78
Ether,2327,29832,1,Unknown,Unknown,54
Ether,33667,1136,1,Unknown,Unknown,78
Ether,1136,33667,1,Unknown,Unknown,54
Ether,18050,4264,1,Unknown,Unknown,97
Ether,4264,18050,1,Unknown,Unknown,66
Ether,17197,2167,1,Unknown,Unknown,78
Ether,2167,17197,1,Unknown,Unknown,54
Ether,9908,1630,1,Unknown,Unknown,204
Ether,1630,9908,1,Unknown,Unknown,54
Ether,2128,53,1,Unknown,Unknown,87
Ether,2128,53,1,Unknown,Unknown,94
Ether,2128,53,1,Unknown,Unknown,86
Ether,2128,53,1,Unknown,Unknown,86
Ether,2128,53,1,Unknown,Unknown,86
Ether,2128,53,1,Unknown,Unknown,85
Ether,2128,53,1,Unknown,Unknown,86
Ether,2128,53,1,Unknown,Unknown,85
Ether,2128,53,1,Unknown,Unknown,88
Ether,2128,53,1,Unknown,Unknown,87
Ether,2128,53,1,Unknown,Unknown,86
Ether,53,2128,1,Unknown,Unknown,110
Ether,53,2128,1,Unknown,Unknown,133
Ether,53,2128,1,Unknown,Unknown,86
Ether,53,2128,1,Unknown,Unknown,128
Ether,53,2128,1,Unknown,Unknown,143
Ether,8075,4244,1,Unknown,Unknown,78
Ether,4244,8075,1,Unknown,Unknown,54
Ether,53,2128,1,Unknown,Unknown,126
Ether,1845,445,1,Unknown,Unknown,78
Ether,445,1845,1,Unknown,Unknown,54
Ether,53,2128,1,Unknown,Unknown,130
Ether,53,2128,1,Unknown,Unknown,117
Ether,53,2128,1,Unknown,Unknown,127
Ether,53,2128,1,Unknown,Unknown,130
Ether,53,2128,1,Unknown,Unknown,110
Ether,1845,445,1,Unknown,Unknown,78
Ether,445,1845,1,Unknown,Unknown,54
Ether,2201,59049,1,Unknown,Unknown,62
Ether,59049,2201,1,Unknown,Unknown,62
Ether,59605,2533,1,Unknown,Unknown,78
Ether,2533,59605,1,Unknown,Unknown,54
Ether,2128,53,1,Unknown,Unknown,86
Ether,2128,53,1,Unknown,Unknown,92
Ether,2128,53,1,Unknown,Unknown,89
Ether,2128,53,1,Unknown,Unknown,103
Ether,2128,53,1,Unknown,Unknown,84
Ether,2128,53,1,Unknown,Unknown,91
Ether,2128,53,1,Unknown,Unknown,77
Ether,2128,53,1,Unknown,Unknown,87
Ether,2128,53,1,Unknown,Unknown,90
Ether,2128,53,1,Unknown,Unknown,69
Ether,53,2128,1,Unknown,Unknown,108
Ether,53,2128,1,Unknown,Unknown,105
Ether,53,2128,1,Unknown,Unknown,119
Ether,53,2128,1,Unknown,Unknown,100
Ether,53,2128,1,Unknown,Unknown,107
Ether,53,2128,1,Unknown,Unknown,93
Ether,53,2128,1,Unknown,Unknown,103
Ether,53,2128,1,Unknown,Unknown,106
Ether,53,2128,1,Unknown,Unknown,85
Ether,53,2128,1,Unknown,Unknown,147
Ether,2128,53,1,Unknown,Unknown,107
Ether,53,2128,1,Unknown,Unknown,123
Ether,2201,59049,1,Unknown,Unknown,60
Ether,2128,53,1,Unknown,Unknown,85
Ether,2201,59049,1,Unknown,Unknown,60
Ether,59049,2201,1,Unknown,Unknown,54
Ether,53,2128,1,Unknown,Unknown,85
Ether,18050,4264,1,Unknown,Unknown,72
Ether,4264,18050,1,Unknown,Unknown,66
Ether,14232,4026,1,Unknown,Unknown,109
Ether,4026,14232,1,Unknown,Unknown,66
Ether,2201,59049,1,Unknown,Unknown,60
Ether,22960,3663,1,Unknown,Unknown,151
Ether,3663,22960,1,Unknown,Unknown,66
Ether,2128,53,1,Unknown,Unknown,86
Ether,53,2128,1,Unknown,Unknown,135
Ether,2996,1928,1,Unknown,Unknown,67
Ether,6667,2848,1,Unknown,Unknown,132
Ether,2848,6667,1,Unknown,Unknown,66
Ether,2128,53,1,Unknown,Unknown,95
Ether,53,2128,1,Unknown,Unknown,111
Ether,11352,4984,1,Unknown,Unknown,100
Ether,4984,11352,1,Unknown,Unknown,66
Ether,6667,2848,1,Unknown,Unknown,217
Ether,2848,6667,1,Unknown,Unknown,66
Ether,2996,1928,1,Unknown,Unknown,66
Ether,2015,1546,1,Unknown,Unknown,74
Ether,1113,2023,1,Unknown,Unknown,74
Ether,3938,3336,1,Unknown,Unknown,74
Ether,1531,3315,1,Unknown,Unknown,74
Ether,3445,2267,1,Unknown,Unknown,74
Ether,1214,2362,1,Unknown,Unknown,54
Ether,1214,2945,1,Unknown,Unknown,54
Ether,1214,1214,1,Unknown,Unknown,54
Ether,1214,1742,1,Unknown,Unknown,54
Ether,1214,2133,1,Unknown,Unknown,54
Ether,1214,2680,1,Unknown,Unknown,54
Ether,1214,3908,1,Unknown,Unknown,54
Ether,1214,2997,1,Unknown,Unknown,54
Ether,1214,1325,1,Unknown,Unknown,54
Ether,1214,1759,1,Unknown,Unknown,54
Ether,1546,2015,1,Unknown,Unknown,78
Ether,2015,1546,1,Unknown,Unknown,66
Ether,2015,1546,1,Unknown,Unknown,78
Ether,2267,3445,1,Unknown,Unknown,78
Ether,3445,2267,1,Unknown,Unknown,66
Ether,3315,1531,1,Unknown,Unknown,78
Ether,1531,3315,1,Unknown,Unknown,66
Ether,3445,2267,1,Unknown,Unknown,78
Ether,1531,3315,1,Unknown,Unknown,78
Ether,2362,1214,1,Unknown,Unknown,60
Ether,2997,1214,1,Unknown,Unknown,60
Ether,3336,3938,1,Unknown,Unknown,78
Ether,3938,3336,1,Unknown,Unknown,66
Ether,3938,3336,1,Unknown,Unknown,78
Ether,1546,2015,1,Unknown,Unknown,60
Ether,3194,2362,1,Unknown,Unknown,74
Ether,1546,2015,1,Unknown,Unknown,60
Ether,1214,1214,1,Unknown,Unknown,60
Ether,2267,3445,1,Unknown,Unknown,60
Ether,3061,2997,1,Unknown,Unknown,74
Ether,2267,3445,1,Unknown,Unknown,60
Ether,1742,1214,1,Unknown,Unknown,60
Ether,3315,1531,1,Unknown,Unknown,60
Ether,3315,1531,1,Unknown,Unknown,60
Ether,2293,1214,1,Unknown,Unknown,74
Ether,3336,3938,1,Unknown,Unknown,60
Ether,2289,1742,1,Unknown,Unknown,74
Ether,3336,3938,1,Unknown,Unknown,60
Ether,2362,3194,1,Unknown,Unknown,78
Ether,3194,2362,1,Unknown,Unknown,66
Ether,2133,1214,1,Unknown,Unknown,63
Ether,3194,2362,1,Unknown,Unknown,78
Ether,2997,3061,1,Unknown,Unknown,60
Ether,2367,2133,1,Unknown,Unknown,74
Ether,,,1,Unknown,Unknown,60
Ether,,,1,Unknown,Unknown,42
Ether,1214,2293,1,Unknown,Unknown,78
Ether,2293,1214,1,Unknown,Unknown,66
Ether,2293,1214,1,Unknown,Unknown,78
Ether,2362,3194,1,Unknown,Unknown,60
Ether,1700,2945,1,Unknown,Unknown,74
Ether,2362,3194,1,Unknown,Unknown,60
Ether,2133,2367,1,Unknown,Unknown,78
Ether,2367,2133,1,Unknown,Unknown,66
Ether,2367,2133,1,Unknown,Unknown,78
Ether,1742,2289,1,Unknown,Unknown,60
Ether,2327,2680,1,Unknown,Unknown,74
Ether,1214,2293,1,Unknown,Unknown,60
Ether,3612,3908,1,Unknown,Unknown,74
Ether,2133,2367,1,Unknown,Unknown,80
Ether,2367,2133,1,Unknown,Unknown,66
Ether,2367,2133,1,Unknown,Unknown,72
Ether,2680,1214,1,Unknown,Unknown,63
Ether,2133,2367,1,Unknown,Unknown,1514
Ether,2367,2133,1,Unknown,Unknown,85
Ether,2133,2367,1,Unknown,Unknown,223
Ether,2133,2367,1,Unknown,Unknown,66
Ether,2367,2133,1,Unknown,Unknown,66
Ether,3391,3740,1,Unknown,Unknown,74
Ether,3740,3391,1,Unknown,Unknown,78
Ether,3391,3740,1,Unknown,Unknown,66
Ether,3391,3740,1,Unknown,Unknown,78
Ether,3908,3612,1,Unknown,Unknown,78
Ether,3612,3908,1,Unknown,Unknown,66
Ether,3612,3908,1,Unknown,Unknown,78
Ether,6667,2848,1,Unknown,Unknown,177
Ether,2848,6667,1,Unknown,Unknown,66
Ether,2133,2367,1,Unknown,Unknown,60
Ether,3740,3391,1,Unknown,Unknown,60
Ether,3033,2223,1,Unknown,Unknown,74
Ether,3740,3391,1,Unknown,Unknown,60
Ether,2128,53,1,Unknown,Unknown,86
Ether,2128,53,1,Unknown,Unknown,85
Ether,2128,53,1,Unknown,Unknown,86
Ether,2128,53,1,Unknown,Unknown,87
Ether,2128,53,1,Unknown,Unknown,86
Ether,2128,53,1,Unknown,Unknown,86
Ether,2128,53,1,Unknown,Unknown,86
Ether,2128,53,1,Unknown,Unknown,84
Ether,2128,53,1,Unknown,Unknown,85
Ether,2128,53,1,Unknown,Unknown,85
Ether,2128,53,1,Unknown,Unknown,84
Ether,2128,53,1,Unknown,Unknown,84
Ether,2128,53,1,Unknown,Unknown,85
Ether,2128,53,1,Unknown,Unknown,86
Ether,2128,53,1,Unknown,Unknown,85
Ether,2128,53,1,Unknown,Unknown,85
Ether,2680,2327,1,Unknown,Unknown,60
Ether,2890,3926,1,Unknown,Unknown,74
Ether,2223,3033,1,Unknown,Unknown,78
Ether,3033,2223,1,Unknown,Unknown,66
Ether,3033,2223,1,Unknown,Unknown,78
Ether,53,2128,1,Unknown,Unknown,145
Ether,53,2128,1,Unknown,Unknown,129
Ether,53,2128,1,Unknown,Unknown,131
Ether,53,2128,1,Unknown,Unknown,131
Ether,53,2128,1,Unknown,Unknown,129
Ether,53,2128,1,Unknown,Unknown,129
Ether,53,2128,1,Unknown,Unknown,129
Ether,53,2128,1,Unknown,Unknown,133
Ether,53,2128,1,Unknown,Unknown,170
Ether,1759,1214,1,Unknown,Unknown,63
Ether,3926,2890,1,Unknown,Unknown,78
Ether,2890,3926,1,Unknown,Unknown,66
Ether,2890,3926,1,Unknown,Unknown,78
Ether,2223,3033,1,Unknown,Unknown,60
Ether,2809,2998,1,Unknown,Unknown,74
Ether,2223,3033,1,Unknown,Unknown,60
Ether,53,2128,1,Unknown,Unknown,129
Ether,53,2128,1,Unknown,Unknown,129
Ether,53,2128,1,Unknown,Unknown,133
Ether,53,2128,1,Unknown,Unknown,133
Ether,53,2128,1,Unknown,Unknown,132
Ether,53,2128,1,Unknown,Unknown,134
Ether,2998,2809,1,Unknown,Unknown,78
Ether,2809,2998,1,Unknown,Unknown,66
Ether,53,2128,1,Unknown,Unknown,143
Ether,2809,2998,1,Unknown,Unknown,78
Ether,3926,2890,1,Unknown,Unknown,60
Ether,3926,2890,1,Unknown,Unknown,60
Ether,2080,1948,1,Unknown,Unknown,74
Ether,2998,2809,1,Unknown,Unknown,60
Ether,4048,32656,1,Unknown,Unknown,74
Ether,2998,2809,1,Unknown,Unknown,60
Ether,1948,2080,1,Unknown,Unknown,78
Ether,2080,1948,1,Unknown,Unknown,66
Ether,2080,1948,1,Unknown,Unknown,78
Ether,1948,2080,1,Unknown,Unknown,60
Ether,4360,3573,1,Unknown,Unknown,74
Ether,1948,2080,1,Unknown,Unknown,60
Ether,2128,53,1,Unknown,Unknown,106
Ether,2128,53,1,Unknown,Unknown,89
Ether,2128,53,1,Unknown,Unknown,92
Ether,2128,53,1,Unknown,Unknown,90
Ether,2128,53,1,Unknown,Unknown,89
Ether,2128,53,1,Unknown,Unknown,89
Ether,2128,53,1,Unknown,Unknown,89
Ether,2128,53,1,Unknown,Unknown,93
Ether,2128,53,1,Unknown,Unknown,94
Ether,2128,53,1,Unknown,Unknown,94
Ether,2128,53,1,Unknown,Unknown,90
Ether,2128,53,1,Unknown,Unknown,91
Ether,2128,53,1,Unknown,Unknown,93
Ether,2128,53,1,Unknown,Unknown,94
Ether,2128,53,1,Unknown,Unknown,93
Ether,2128,53,1,Unknown,Unknown,96
Ether,2128,53,1,Unknown,Unknown,105
Ether,53,2128,1,Unknown,Unknown,122
Ether,53,2128,1,Unknown,Unknown,105
Ether,53,2128,1,Unknown,Unknown,108
Ether,53,2128,1,Unknown,Unknown,106
Ether,3573,4360,1,Unknown,Unknown,78
Ether,4360,3573,1,Unknown,Unknown,66
Ether,4360,3573,1,Unknown,Unknown,78
Ether,53,2128,1,Unknown,Unknown,105
Ether,53,2128,1,Unknown,Unknown,105
Ether,53,2128,1,Unknown,Unknown,105
Ether,53,2128,1,Unknown,Unknown,109
Ether,53,2128,1,Unknown,Unknown,110
Ether,53,2128,1,Unknown,Unknown,106
Ether,53,2128,1,Unknown,Unknown,107
Ether,53,2128,1,Unknown,Unknown,109
Ether,53,2128,1,Unknown,Unknown,110
Ether,53,2128,1,Unknown,Unknown,109
Ether,53,2128,1,Unknown,Unknown,112
Ether,53,2128,1,Unknown,Unknown,121
Ether,32656,4048,1,Unknown,Unknown,60
Ether,3998,1245,1,Unknown,Unknown,74
Ether,3612,3908,1,Unknown,Unknown,78
Ether,3908,3612,1,Unknown,Unknown,80
Ether,3612,3908,1,Unknown,Unknown,66
Ether,3612,3908,1,Unknown,Unknown,72
Ether,53,2128,1,Unknown,Unknown,110
Ether,3573,4360,1,Unknown,Unknown,60
Ether,3573,4360,1,Unknown,Unknown,60
Ether,2194,2704,1,Unknown,Unknown,74
Ether,1245,3998,1,Unknown,Unknown,78
Ether,3998,1245,1,Unknown,Unknown,66
Ether,3998,1245,1,Unknown,Unknown,78
Ether,2704,2194,1,Unknown,Unknown,78
Ether,2194,2704,1,Unknown,Unknown,66
Ether,2194,2704,1,Unknown,Unknown,78
Ether,1245,3998,1,Unknown,Unknown,60
Ether,3334,3050,1,Unknown,Unknown,74
Ether,1245,3998,1,Unknown,Unknown,60
Ether,6667,2848,1,Unknown,Unknown,139
Ether,2848,6667,1,Unknown,Unknown,66
Ether,2704,2194,1,Unknown,Unknown,60
Ether,3728,3650,1,Unknown,Unknown,74
Ether,2704,2194,1,Unknown,Unknown,60
Ether,3908,3612,1,Unknown,Unknown,66
Ether,2128,53,1,Unknown,Unknown,87
Ether,2128,53,1,Unknown,Unknown,86
Ether,2128,53,1,Unknown,Unknown,84
Ether,2128,53,1,Unknown,Unknown,87
Ether,2128,53,1,Unknown,Unknown,88
Ether,2128,53,1,Unknown,Unknown,86
Ether,53,2128,1,Unknown,Unknown,137
Ether,53,2128,1,Unknown,Unknown,131
Ether,53,2128,1,Unknown,Unknown,137
Ether,53,2128,1,Unknown,Unknown,122
Ether,53,2128,1,Unknown,Unknown,86
Ether,53,2128,1,Unknown,Unknown,129
Ether,14232,4026,1,Unknown,Unknown,108
Ether,4026,14232,1,Unknown,Unknown,66
Ether,2848,6667,1,Unknown,Unknown,96
Ether,6667,2848,1,Unknown,Unknown,112
Ether,2848,6667,1,Unknown,Unknown,66
Ether,1113,2023,1,Unknown,Unknown,74
Ether,2128,53,1,Unknown,Unknown,86
Ether,2128,53,1,Unknown,Unknown,96
Ether,2128,53,1,Unknown,Unknown,93
Ether,2128,53,1,Unknown,Unknown,96
Ether,2128,53,1,Unknown,Unknown,80
Ether,2128,53,1,Unknown,Unknown,89
Ether,2128,53,1,Unknown,Unknown,86
Ether,2128,53,1,Unknown,Unknown,87
Ether,2128,53,1,Unknown,Unknown,87
Ether,53,2128,1,Unknown,Unknown,112
Ether,53,2128,1,Unknown,Unknown,109
Ether,53,2128,1,Unknown,Unknown,112
Ether,1700,2945,1,Unknown,Unknown,74
Ether,53,2128,1,Unknown,Unknown,96
Ether,53,2128,1,Unknown,Unknown,105
Ether,53,2128,1,Unknown,Unknown,138
Ether,53,2128,1,Unknown,Unknown,135
Ether,53,2128,1,Unknown,Unknown,135
Ether,53,2128,1,Unknown,Unknown,131
Ether,3612,3908,1,Unknown,Unknown,72
Ether,2128,53,1,Unknown,Unknown,97
Ether,2128,53,1,Unknown,Unknown,95
Ether,2128,53,1,Unknown,Unknown,95
Ether,2128,53,1,Unknown,Unknown,90
Ether,53,2128,1,Unknown,Unknown,113
Ether,53,2128,1,Unknown,Unknown,111
Ether,53,2128,1,Unknown,Unknown,111
Ether,53,2128,1,Unknown,Unknown,106
Ether,14232,4026,1,Unknown,Unknown,93
Ether,4026,14232,1,Unknown,Unknown,66
Ether,3908,3612,1,Unknown,Unknown,1514
Ether,3612,3908,1,Unknown,Unknown,85
Ether,4026,14232,1,Unknown,Unknown,90
Ether,3334,3050,1,Unknown,Unknown,74
Ether,3728,3650,1,Unknown,Unknown,74
Ether,3908,3612,1,Unknown,Unknown,223
Ether,14232,4026,1,Unknown,Unknown,66
Ether,3612,3908,1,Unknown,Unknown,66
Ether,22995,139,1,Unknown,Unknown,62
Ether,139,22995,1,Unknown,Unknown,54
Ether,2128,53,1,Unknown,Unknown,85
Ether,53,2128,1,Unknown,Unknown,145
Ether,1113,2023,1,Unknown,Unknown,74
Ether,1700,2945,1,Unknown,Unknown,74
Ether,2128,53,1,Unknown,Unknown,106
Ether,53,2128,1,Unknown,Unknown,122
Ether,6667,2848,1,Unknown,Unknown,213
Ether,2848,6667,1,Unknown,Unknown,66
Ether,8022,3863,1,Unknown,Unknown,91
Ether,3863,8022,1,Unknown,Unknown,66
Ether,3334,3050,1,Unknown,Unknown,74
Ether,3728,3650,1,Unknown,Unknown,74
Ether,3863,8022,1,Unknown,Unknown,91
Ether,8022,3863,1,Unknown,Unknown,66
Ether,11352,4984,1,Unknown,Unknown,110
Ether,4984,11352,1,Unknown,Unknown,66
Ether,,,1,Unknown,Unknown,32
Ether,3908,3612,1,Unknown,Unknown,219
Ether,3612,3908,1,Unknown,Unknown,66
Ether,3612,3908,1,Unknown,Unknown,75
Ether,2996,1928,1,Unknown,Unknown,67
Ether,3908,3612,1,Unknown,Unknown,66
Ether,3612,3908,1,Unknown,Unknown,95
Ether,11352,4984,1,Unknown,Unknown,93
Ether,4984,11352,1,Unknown,Unknown,66
Ether,4984,11352,1,Unknown,Unknown,90
Ether,1312,57322,1,Unknown,Unknown,102
Ether,11352,4984,1,Unknown,Unknown,66
Ether,2817,2998,1,Unknown,Unknown,74
Ether,57322,1312,1,Unknown,Unknown,70
Ether,1312,57322,1,Unknown,Unknown,66
Ether,2998,2817,1,Unknown,Unknown,78
Ether,2817,2998,1,Unknown,Unknown,66
Ether,2817,2998,1,Unknown,Unknown,78
Ether,2998,2817,1,Unknown,Unknown,60
Ether,2998,2817,1,Unknown,Unknown,60
Ether,14232,4026,1,Unknown,Unknown,107
Ether,4026,14232,1,Unknown,Unknown,66
Ether,1312,57322,1,Unknown,Unknown,79
Ether,57322,1312,1,Unknown,Unknown,114
Ether,1312,57322,1,Unknown,Unknown,66
Ether,35990,9665,1,Unknown,Unknown,89
Ether,35990,11766,1,Unknown,Unknown,89
Ether,35990,61664,1,Unknown,Unknown,89
Ether,11766,35990,1,Unknown,Unknown,1397
Ether,11766,35990,1,Unknown,Unknown,1397
Ether,11766,35990,1,Unknown,Unknown,1397
Ether,61664,35990,1,Unknown,Unknown,1397
Ether,61664,35990,1,Unknown,Unknown,1397
Ether,9665,35990,1,Unknown,Unknown,1397
Ether,11766,35990,1,Unknown,Unknown,1397
Ether,9665,35990,1,Unknown,Unknown,1397
Ether,9665,35990,1,Unknown,Unknown,1397
Ether,61664,35990,1,Unknown,Unknown,1397
Ether,11766,35990,1,Unknown,Unknown,1397
Ether,9665,35990,1,Unknown,Unknown,1397
Ether,3612,3908,1,Unknown,Unknown,95
Ether,61664,35990,1,Unknown,Unknown,1397
Ether,9665,35990,1,Unknown,Unknown,1397
Ether,11766,35990,1,Unknown,Unknown,1397
Ether,9665,35990,1,Unknown,Unknown,1397
Ether,61664,35990,1,Unknown,Unknown,1397
Ether,9665,35990,1,Unknown,Unknown,1397
Ether,11766,35990,1,Unknown,Unknown,1397
Ether,9665,35990,1,Unknown,Unknown,1397
Ether,11766,35990,1,Unknown,Unknown,1397
Ether,9665,35990,1,Unknown,Unknown,1287
Ether,9665,35990,1,Unknown,Unknown,1397
Ether,11766,35990,1,Unknown,Unknown,810
Ether,61664,35990,1,Unknown,Unknown,1397
Ether,9665,35990,1,Unknown,Unknown,1397
Ether,9665,35990,1,Unknown,Unknown,1397
Ether,61664,35990,1,Unknown,Unknown,1397
Ether,11766,35990,1,Unknown,Unknown,1397
Ether,9665,35990,1,Unknown,Unknown,1397
Ether,61664,35990,1,Unknown,Unknown,1397
Ether,9665,35990,1,Unknown,Unknown,1397
Ether,11766,35990,1,Unknown,Unknown,1397
Ether,9665,35990,1,Unknown,Unknown,1397
Ether,61664,35990,1,Unknown,Unknown,1139
Ether,11766,35990,1,Unknown,Unknown,1397
Ether,9665,35990,1,Unknown,Unknown,1397
Ether,9665,35990,1,Unknown,Unknown,1397
Ether,2848,6667,1,Unknown,Unknown,82
Ether,61664,35990,1,Unknown,Unknown,1397
Ether,9665,35990,1,Unknown,Unknown,921
Ether,11766,35990,1,Unknown,Unknown,1397
Ether,61664,35990,1,Unknown,Unknown,1397
Ether,11766,35990,1,Unknown,Unknown,1397
Ether,61664,35990,1,Unknown,Unknown,1397
Ether,6667,2848,1,Unknown,Unknown,1090
Ether,2848,6667,1,Unknown,Unknown,66
Ether,11766,35990,1,Unknown,Unknown,1397
Ether,61664,35990,1,Unknown,Unknown,1397
Ether,11766,35990,1,Unknown,Unknown,1397
Ether,6667,2848,1,Unknown,Unknown,1152
Ether,2848,6667,1,Unknown,Unknown,66
Ether,61664,35990,1,Unknown,Unknown,1397
Ether,11766,35990,1,Unknown,Unknown,1397
Ether,61664,35990,1,Unknown,Unknown,1397
Ether,11766,35990,1,Unknown,Unknown,983
Ether,3908,3612,1,Unknown,Unknown,66
Ether,61664,35990,1,Unknown,Unknown,1397
Ether,61664,35990,1,Unknown,Unknown,1397
Ether,61664,35990,1,Unknown,Unknown,634
Ether,6667,2848,1,Unknown,Unknown,147
Ether,2848,6667,1,Unknown,Unknown,66
Ether,2128,53,1,Unknown,Unknown,86
Ether,2128,53,1,Unknown,Unknown,84
Ether,2128,53,1,Unknown,Unknown,86
Ether,53,2128,1,Unknown,Unknown,137
Ether,53,2128,1,Unknown,Unknown,134
Ether,53,2128,1,Unknown,Unknown,135
Ether,2128,53,1,Unknown,Unknown,97
Ether,2128,53,1,Unknown,Unknown,96
Ether,2128,53,1,Unknown,Unknown,95
Ether,53,2128,1,Unknown,Unknown,113
Ether,53,2128,1,Unknown,Unknown,112
Ether,53,2128,1,Unknown,Unknown,111
Ether,8022,3863,1,Unknown,Unknown,92
Ether,3863,8022,1,Unknown,Unknown,66
Ether,2848,6667,1,Unknown,Unknown,96
Ether,6667,2848,1,Unknown,Unknown,66
Ether,6667,2848,1,Unknown,Unknown,112
Ether,2848,6667,1,Unknown,Unknown,66
Ether,11352,4984,1,Unknown,Unknown,109
Ether,4984,11352,1,Unknown,Unknown,66
Ether,14232,4026,1,Unknown,Unknown,108
Ether,4026,14232,1,Unknown,Unknown,66
Ether,2717,3301,1,Unknown,Unknown,74
Ether,3301,2717,1,Unknown,Unknown,78
Ether,2717,3301,1,Unknown,Unknown,66
Ether,2717,3301,1,Unknown,Unknown,78
Ether,3544,11421,1,Unknown,Unknown,75
Ether,2967,47452,1,Unknown,Unknown,75
Ether,3301,2717,1,Unknown,Unknown,60
Ether,3719,32656,1,Unknown,Unknown,74
Ether,3301,2717,1,Unknown,Unknown,60
Ether,11421,3544,1,Unknown,Unknown,105
Ether,3544,11421,1,Unknown,Unknown,66
Ether,32656,3719,1,Unknown,Unknown,60
Ether,3868,3907,1,Unknown,Unknown,74
Ether,2128,53,1,Unknown,Unknown,87
Ether,3907,3868,1,Unknown,Unknown,78
Ether,3868,3907,1,Unknown,Unknown,66
Ether,3868,3907,1,Unknown,Unknown,78
Ether,53,2128,1,Unknown,Unknown,137
Ether,3868,3907,1,Unknown,Unknown,78
Ether,3907,3868,1,Unknown,Unknown,60
Ether,2128,53,1,Unknown,Unknown,86
Ether,2128,53,1,Unknown,Unknown,96
Ether,2128,53,1,Unknown,Unknown,86
Ether,53,2128,1,Unknown,Unknown,112
Ether,53,2128,1,Unknown,Unknown,128
Ether,53,2128,1,Unknown,Unknown,135
Ether,2967,47452,1,Unknown,Unknown,75
Ether,47452,2967,1,Unknown,Unknown,66
Ether,6667,2848,1,Unknown,Unknown,162
Ether,2848,6667,1,Unknown,Unknown,66
Ether,47452,2967,1,Unknown,Unknown,105
Ether,2967,47452,1,Unknown,Unknown,66
Ether,2128,53,1,Unknown,Unknown,88
Ether,2128,53,1,Unknown,Unknown,95
Ether,53,2128,1,Unknown,Unknown,104
Ether,53,2128,1,Unknown,Unknown,111
Ether,11352,4984,1,Unknown,Unknown,110
Ether,4984,11352,1,Unknown,Unknown,66
Ether,6667,2848,1,Unknown,Unknown,133
Ether,2848,6667,1,Unknown,Unknown,66
Ether,6667,2848,1,Unknown,Unknown,138
Ether,2848,6667,1,Unknown,Unknown,66
Ether,2848,6667,1,Unknown,Unknown,78
Ether,3527,135,1,Unknown,Unknown,62
Ether,135,3527,1,Unknown,Unknown,54
Ether,6667,2848,1,Unknown,Unknown,1090
Ether,2848,6667,1,Unknown,Unknown,66
Ether,6667,2848,1,Unknown,Unknown,1514
Ether,2848,6667,1,Unknown,Unknown,66
Ether,6667,2848,1,Unknown,Unknown,1514
Ether,2848,6667,1,Unknown,Unknown,66
Ether,6667,2848,1,Unknown,Unknown,1514
Ether,2848,6667,1,Unknown,Unknown,66
Ether,6667,2848,1,Unknown,Unknown,1514
Ether,2848,6667,1,Unknown,Unknown,66
Ether,6667,2848,1,Unknown,Unknown,1514
Ether,2848,6667,1,Unknown,Unknown,66
Ether,6667,2848,1,Unknown,Unknown,1514
Ether,2848,6667,1,Unknown,Unknown,66
Ether,6667,2848,1,Unknown,Unknown,1514
Ether,2848,6667,1,Unknown,Unknown,66
Ether,6667,2848,1,Unknown,Unknown,1514
Ether,2848,6667,1,Unknown,Unknown,66
Ether,6667,2848,1,Unknown,Unknown,1514
Ether,2848,6667,1,Unknown,Unknown,66
Ether,6667,2848,1,Unknown,Unknown,1514
Ether,2848,6667,1,Unknown,Unknown,66
Ether,6667,2848,1,Unknown,Unknown,1514
Ether,2848,6667,1,Unknown,Unknown,66
Ether,6667,2848,1,Unknown,Unknown,1514
Ether,2848,6667,1,Unknown,Unknown,66
Ether,6667,2848,1,Unknown,Unknown,1514
Ether,2848,6667,1,Unknown,Unknown,66
Ether,6667,2848,1,Unknown,Unknown,1514
Ether,2848,6667,1,Unknown,Unknown,66
Ether,6667,2848,1,Unknown,Unknown,737
Ether,2848,6667,1,Unknown,Unknown,66
Ether,2128,53,1,Unknown,Unknown,86
Ether,53,2128,1,Unknown,Unknown,147
Ether,3527,135,1,Unknown,Unknown,62
Ether,135,3527,1,Unknown,Unknown,54
Ether,14232,4026,1,Unknown,Unknown,97
Ether,4026,14232,1,Unknown,Unknown,66
Ether,3527,135,1,Unknown,Unknown,62
Ether,135,3527,1,Unknown,Unknown,54
Ether,2128,53,1,Unknown,Unknown,107
Ether,53,2128,1,Unknown,Unknown,123
Ether,8022,3863,1,Unknown,Unknown,91
Ether,3863,8022,1,Unknown,Unknown,66
Ether,2848,6667,1,Unknown,Unknown,96
Ether,3863,8022,1,Unknown,Unknown,90
Ether,6667,2848,1,Unknown,Unknown,66
Ether,6667,2848,1,Unknown,Unknown,112
Ether,2848,6667,1,Unknown,Unknown,66
Ether,8022,3863,1,Unknown,Unknown,66
Ether,6667,2848,1,Unknown,Unknown,154
Ether,2848,6667,1,Unknown,Unknown,66
Ether,,,1,Unknown,Unknown,60
Ether,2996,1928,1,Unknown,Unknown,67
Ether,11352,4984,1,Unknown,Unknown,114
Ether,4984,11352,1,Unknown,Unknown,66
Ether,35990,55691,1,Unknown,Unknown,60
Ether,35990,40082,1,Unknown,Unknown,60
Ether,35990,13885,1,Unknown,Unknown,60
Ether,35990,61262,1,Unknown,Unknown,60
Ether,1312,57322,1,Unknown,Unknown,79
Ether,13885,35990,1,Unknown,Unknown,68
Ether,55691,35990,1,Unknown,Unknown,68
Ether,57322,1312,1,Unknown,Unknown,114
Ether,1312,57322,1,Unknown,Unknown,66
Ether,35990,27219,1,Unknown,Unknown,73
Ether,35990,20066,1,Unknown,Unknown,73
Ether,35990,56298,1,Unknown,Unknown,73
Ether,56298,35990,1,Unknown,Unknown,60
Ether,1312,57322,1,Unknown,Unknown,79
Ether,20066,35990,1,Unknown,Unknown,60
Ether,2128,53,1,Unknown,Unknown,87
Ether,61262,35990,1,Unknown,Unknown,68
Ether,27219,35990,1,Unknown,Unknown,60
Ether,57322,1312,1,Unknown,Unknown,141
Ether,1312,57322,1,Unknown,Unknown,66
Ether,35990,61122,1,Unknown,Unknown,73
Ether,35990,8481,1,Unknown,Unknown,73
Ether,35990,57541,1,Unknown,Unknown,73
Ether,53,2128,1,Unknown,Unknown,121
Ether,61122,35990,1,Unknown,Unknown,60
Ether,35990,42706,1,Unknown,Unknown,73
Ether,57541,35990,1,Unknown,Unknown,60
Ether,35990,60974,1,Unknown,Unknown,73
Ether,8481,35990,1,Unknown,Unknown,60
Ether,35990,39262,1,Unknown,Unknown,73
Ether,60974,35990,1,Unknown,Unknown,60
Ether,35990,20066,1,Unknown,Unknown,63
Ether,42706,35990,1,Unknown,Unknown,60
Ether,20066,35990,1,Unknown,Unknown,111
Ether,35990,49923,1,Unknown,Unknown,73
Ether,35990,31118,1,Unknown,Unknown,73
Ether,49923,35990,1,Unknown,Unknown,60
Ether,35990,27151,1,Unknown,Unknown,73
Ether,14232,4026,1,Unknown,Unknown,92
Ether,4026,14232,1,Unknown,Unknown,66
Ether,27151,35990,1,Unknown,Unknown,60
Ether,35990,62174,1,Unknown,Unknown,73
Ether,31118,35990,1,Unknown,Unknown,60
Ether,35990,33211,1,Unknown,Unknown,73
Ether,33211,35990,1,Unknown,Unknown,60
Ether,62174,35990,1,Unknown,Unknown,60
Ether,2128,53,1,Unknown,Unknown,87
Ether,2128,53,1,Unknown,Unknown,80
Ether,2128,53,1,Unknown,Unknown,86
Ether,2128,53,1,Unknown,Unknown,86
Ether,2128,53,1,Unknown,Unknown,86
Ether,2128,53,1,Unknown,Unknown,86
Ether,2128,53,1,Unknown,Unknown,86
Ether,2128,53,1,Unknown,Unknown,87
Ether,2128,53,1,Unknown,Unknown,84
Ether,2128,53,1,Unknown,Unknown,86
Ether,2128,53,1,Unknown,Unknown,87
Ether,2128,53,1,Unknown,Unknown,84
Ether,2128,53,1,Unknown,Unknown,87
Ether,2128,53,1,Unknown,Unknown,86
Ether,2128,53,1,Unknown,Unknown,85
Ether,35990,54519,1,Unknown,Unknown,73
Ether,35990,12492,1,Unknown,Unknown,73
Ether,4026,14232,1,Unknown,Unknown,89
Ether,53,2128,1,Unknown,Unknown,96
Ether,54519,35990,1,Unknown,Unknown,60
Ether,12492,35990,1,Unknown,Unknown,60
Ether,53,2128,1,Unknown,Unknown,87
Ether,53,2128,1,Unknown,Unknown,140
Ether,53,2128,1,Unknown,Unknown,126
Ether,53,2128,1,Unknown,Unknown,140
Ether,53,2128,1,Unknown,Unknown,127
Ether,53,2128,1,Unknown,Unknown,131
Ether,53,2128,1,Unknown,Unknown,152
Ether,53,2128,1,Unknown,Unknown,141
Ether,53,2128,1,Unknown,Unknown,131
Ether,53,2128,1,Unknown,Unknown,130
Ether,53,2128,1,Unknown,Unknown,136
Ether,14232,4026,1,Unknown,Unknown,66
Ether,53,2128,1,Unknown,Unknown,128
Ether,53,2128,1,Unknown,Unknown,116
Ether,53,2128,1,Unknown,Unknown,147
Ether,2128,53,1,Unknown,Unknown,100
Ether,2128,53,1,Unknown,Unknown,86
Ether,2128,53,1,Unknown,Unknown,99
Ether,2128,53,1,Unknown,Unknown,86
Ether,2128,53,1,Unknown,Unknown,93
Ether,2128,53,1,Unknown,Unknown,112
Ether,2128,53,1,Unknown,Unknown,102
Ether,2128,53,1,Unknown,Unknown,91
Ether,2128,53,1,Unknown,Unknown,90
Ether,2128,53,1,Unknown,Unknown,96
Ether,2128,53,1,Unknown,Unknown,87
Ether,2128,53,1,Unknown,Unknown,78
Ether,2128,53,1,Unknown,Unknown,107
Ether,53,2128,1,Unknown,Unknown,116
Ether,53,2128,1,Unknown,Unknown,102
Ether,53,2128,1,Unknown,Unknown,115
Ether,53,2128,1,Unknown,Unknown,102
Ether,53,2128,1,Unknown,Unknown,109
Ether,53,2128,1,Unknown,Unknown,128
Ether,53,2128,1,Unknown,Unknown,118
Ether,53,2128,1,Unknown,Unknown,107
Ether,53,2128,1,Unknown,Unknown,106
Ether,53,2128,1,Unknown,Unknown,112
Ether,53,2128,1,Unknown,Unknown,103
Ether,53,2128,1,Unknown,Unknown,94
Ether,53,2128,1,Unknown,Unknown,123
Ether,2128,53,1,Unknown,Unknown,86
Ether,2128,53,1,Unknown,Unknown,88
Ether,2128,53,1,Unknown,Unknown,84
Ether,2128,53,1,Unknown,Unknown,86
Ether,2128,53,1,Unknown,Unknown,85
Ether,35990,39262,1,Unknown,Unknown,73
Ether,53,2128,1,Unknown,Unknown,128
Ether,53,2128,1,Unknown,Unknown,136
Ether,53,2128,1,Unknown,Unknown,151
Ether,53,2128,1,Unknown,Unknown,137
Ether,53,2128,1,Unknown,Unknown,88
Ether,2128,53,1,Unknown,Unknown,90
Ether,2128,53,1,Unknown,Unknown,96
Ether,2128,53,1,Unknown,Unknown,111
Ether,2128,53,1,Unknown,Unknown,98
Ether,53,2128,1,Unknown,Unknown,106
Ether,53,2128,1,Unknown,Unknown,112
Ether,53,2128,1,Unknown,Unknown,127
Ether,53,2128,1,Unknown,Unknown,114
Ether,14232,4026,1,Unknown,Unknown,109
Ether,4026,14232,1,Unknown,Unknown,66
Ether,59310,1026,1,Unknown,Unknown,500
Ether,,,1,Unknown,Unknown,528
Ether,59310,1027,1,Unknown,Unknown,500
Ether,,,1,Unknown,Unknown,528
Ether,2128,53,1,Unknown,Unknown,87
Ether,53,2128,1,Unknown,Unknown,87
Ether,35990,39262,1,Unknown,Unknown,73
Ether,6667,2848,1,Unknown,Unknown,139
Ether,2848,6667,1,Unknown,Unknown,66
Ether,,,1,Unknown,Unknown,60
Ether,,,1,Unknown,Unknown,42
Ether,11352,4984,1,Unknown,Unknown,93
Ether,4984,11352,1,Unknown,Unknown,66
Ether,4984,11352,1,Unknown,Unknown,90
Ether,11352,4984,1,Unknown,Unknown,66
Ether,11352,4984,1,Unknown,Unknown,103
Ether,4984,11352,1,Unknown,Unknown,66
Ether,1312,57322,1,Unknown,Unknown,66
Ether,57322,1312,1,Unknown,Unknown,66
Ether,57322,1312,1,Unknown,Unknown,66
Ether,1312,57322,1,Unknown,Unknown,66
Ether,2848,6667,1,Unknown,Unknown,96
Ether,6667,2848,1,Unknown,Unknown,112
Ether,2848,6667,1,Unknown,Unknown,66
Ether,14232,4026,1,Unknown,Unknown,110
Ether,4026,14232,1,Unknown,Unknown,66
Ether,6667,2848,1,Unknown,Unknown,168
Ether,2848,6667,1,Unknown,Unknown,66
Ether,6667,2848,1,Unknown,Unknown,180
Ether,2848,6667,1,Unknown,Unknown,66
Ether,2617,445,1,Unknown,Unknown,78
Ether,445,2617,1,Unknown,Unknown,54
Ether,2617,445,1,Unknown,Unknown,78
Ether,445,2617,1,Unknown,Unknown,54
Ether,2128,53,1,Unknown,Unknown,85
Ether,53,2128,1,Unknown,Unknown,145
Ether,2128,53,1,Unknown,Unknown,106
Ether,53,2128,1,Unknown,Unknown,122
Ether,,,1,Unknown,Unknown,32
Ether,11352,4984,1,Unknown,Unknown,108
Ether,4984,11352,1,Unknown,Unknown,66
Ether,6667,2848,1,Unknown,Unknown,161
Ether,2848,6667,1,Unknown,Unknown,66
Ether,8022,3863,1,Unknown,Unknown,91
Ether,3863,8022,1,Unknown,Unknown,66
Ether,3863,8022,1,Unknown,Unknown,91
Ether,8022,3863,1,Unknown,Unknown,66
Ether,8022,3863,1,Unknown,Unknown,92
Ether,3863,8022,1,Unknown,Unknown,66
Ether,14232,4026,1,Unknown,Unknown,110
Ether,4026,14232,1,Unknown,Unknown,66
Ether,6667,2848,1,Unknown,Unknown,232
Ether,2848,6667,1,Unknown,Unknown,66
Ether,6667,2848,1,Unknown,Unknown,141
Ether,2848,6667,1,Unknown,Unknown,66
Ether,4026,14232,1,Unknown,Unknown,91
Ether,14232,4026,1,Unknown,Unknown,66
Ether,2848,6667,1,Unknown,Unknown,96
Ether,6667,2848,1,Unknown,Unknown,66
Ether,6667,2848,1,Unknown,Unknown,112
Ether,2848,6667,1,Unknown,Unknown,66
Ether,6667,2848,1,Unknown,Unknown,162
Ether,2848,6667,1,Unknown,Unknown,66
Ether,11352,4984,1,Unknown,Unknown,106
Ether,4984,11352,1,Unknown,Unknown,66
Ether,3563,1215,1,Unknown,Unknown,70
Ether,1215,3563,1,Unknown,Unknown,82
Ether,3563,1215,1,Unknown,Unknown,70
Ether,14232,4026,1,Unknown,Unknown,108
Ether,4026,14232,1,Unknown,Unknown,66
Ether,1215,3563,1,Unknown,Unknown,70
Ether,3563,1215,1,Unknown,Unknown,66
Ether,4352,2282,1,Unknown,Unknown,74
Ether,1487,3926,1,Unknown,Unknown,74
Ether,4786,3777,1,Unknown,Unknown,74
Ether,1611,2434,1,Unknown,Unknown,74
Ether,2434,1611,1,Unknown,Unknown,60
Ether,4109,2525,1,Unknown,Unknown,74
Ether,3777,4786,1,Unknown,Unknown,78
Ether,4786,3777,1,Unknown,Unknown,66
Ether,4786,3777,1,Unknown,Unknown,78
Ether,3926,1487,1,Unknown,Unknown,78
Ether,1487,3926,1,Unknown,Unknown,66
Ether,1487,3926,1,Unknown,Unknown,78
Ether,3777,4786,1,Unknown,Unknown,60
Ether,3777,4786,1,Unknown,Unknown,60
Ether,3926,1487,1,Unknown,Unknown,60
Ether,4857,3167,1,Unknown,Unknown,74
Ether,3926,1487,1,Unknown,Unknown,60
Ether,4048,3588,1,Unknown,Unknown,74
Ether,3777,4786,1,Unknown,Unknown,80
Ether,4786,3777,1,Unknown,Unknown,54
Ether,3777,4786,1,Unknown,Unknown,60
Ether,3777,4786,1,Unknown,Unknown,60
Ether,2128,53,1,Unknown,Unknown,85
Ether,3167,4857,1,Unknown,Unknown,78
Ether,4857,3167,1,Unknown,Unknown,66
Ether,4857,3167,1,Unknown,Unknown,78
Ether,53,2128,1,Unknown,Unknown,133
Ether,3167,4857,1,Unknown,Unknown,60
Ether,1062,1752,1,Unknown,Unknown,74
Ether,3167,4857,1,Unknown,Unknown,60
Ether,2128,53,1,Unknown,Unknown,94
Ether,53,2128,1,Unknown,Unknown,110
Ether,2128,53,1,Unknown,Unknown,86
Ether,2128,53,1,Unknown,Unknown,86
Ether,2128,53,1,Unknown,Unknown,84
Ether,2128,53,1,Unknown,Unknown,86
Ether,2128,53,1,Unknown,Unknown,86
Ether,2128,53,1,Unknown,Unknown,84
Ether,53,2128,1,Unknown,Unknown,139
Ether,53,2128,1,Unknown,Unknown,135
Ether,53,2128,1,Unknown,Unknown,135
Ether,53,2128,1,Unknown,Unknown,129
Ether,53,2128,1,Unknown,Unknown,135
Ether,53,2128,1,Unknown,Unknown,133
Ether,2128,53,1,Unknown,Unknown,101
Ether,2128,53,1,Unknown,Unknown,95
Ether,2128,53,1,Unknown,Unknown,95
Ether,2128,53,1,Unknown,Unknown,91
Ether,2128,53,1,Unknown,Unknown,95
Ether,2128,53,1,Unknown,Unknown,93
Ether,53,2128,1,Unknown,Unknown,117
Ether,53,2128,1,Unknown,Unknown,111
Ether,53,2128,1,Unknown,Unknown,111
Ether,53,2128,1,Unknown,Unknown,107
Ether,53,2128,1,Unknown,Unknown,111
Ether,53,2128,1,Unknown,Unknown,109
Ether,4352,2282,1,Unknown,Unknown,74
Ether,2525,4109,1,Unknown,Unknown,60
Ether,4048,3588,1,Unknown,Unknown,74
Ether,1062,1752,1,Unknown,Unknown,74
Ether,11352,4984,1,Unknown,Unknown,110
Ether,4984,11352,1,Unknown,Unknown,66
Ether,6667,2848,1,Unknown,Unknown,143
Ether,2848,6667,1,Unknown,Unknown,66
Ether,4352,2282,1,Unknown,Unknown,74
Ether,6667,2848,1,Unknown,Unknown,204
Ether,2848,6667,1,Unknown,Unknown,66
Ether,4048,3588,1,Unknown,Unknown,74
Ether,1062,1752,1,Unknown,Unknown,74
Ether,14232,4026,1,Unknown,Unknown,105
Ether,4026,14232,1,Unknown,Unknown,66
Ether,6667,2848,1,Unknown,Unknown,155
Ether,2848,6667,1,Unknown,Unknown,66
Ether,2848,6667,1,Unknown,Unknown,96
Ether,6667,2848,1,Unknown,Unknown,294
Ether,2848,6667,1,Unknown,Unknown,66
Ether,11352,4984,1,Unknown,Unknown,93
Ether,4984,11352,1,Unknown,Unknown,66
Ether,4984,11352,1,Unknown,Unknown,90
Ether,11352,4984,1,Unknown,Unknown,66
Ether,2776,445,1,Unknown,Unknown,78
Ether,445,2776,1,Unknown,Unknown,54
Ether,3098,3398,1,Unknown,Unknown,74
Ether,2776,445,1,Unknown,Unknown,78
Ether,445,2776,1,Unknown,Unknown,54
Ether,2128,53,1,Unknown,Unknown,87
Ether,2128,53,1,Unknown,Unknown,87
Ether,53,2128,1,Unknown,Unknown,149
Ether,3022,1458,1,Unknown,Unknown,74
Ether,2896,2050,1,Unknown,Unknown,74
Ether,4502,1569,1,Unknown,Unknown,74
Ether,53,2128,1,Unknown,Unknown,134
Ether,1569,4502,1,Unknown,Unknown,60
Ether,1816,2931,1,Unknown,Unknown,74
Ether,2128,53,1,Unknown,Unknown,108
Ether,2128,53,1,Unknown,Unknown,93
Ether,53,2128,1,Unknown,Unknown,124
Ether,53,2128,1,Unknown,Unknown,109
Ether,8022,3863,1,Unknown,Unknown,91
Ether,3863,8022,1,Unknown,Unknown,66
Ether,3863,8022,1,Unknown,Unknown,91
Ether,2848,6667,1,Unknown,Unknown,82
Ether,6667,2848,1,Unknown,Unknown,1090
Ether,2848,6667,1,Unknown,Unknown,66
Ether,8022,3863,1,Unknown,Unknown,66
Ether,6667,2848,1,Unknown,Unknown,1152
Ether,2848,6667,1,Unknown,Unknown,66
Ether,2128,53,1,Unknown,Unknown,84
Ether,2128,53,1,Unknown,Unknown,84
Ether,2128,53,1,Unknown,Unknown,86
Ether,2128,53,1,Unknown,Unknown,85
Ether,53,2128,1,Unknown,Unknown,122
Ether,53,2128,1,Unknown,Unknown,145
Ether,53,2128,1,Unknown,Unknown,130
Ether,53,2128,1,Unknown,Unknown,131
Ether,2128,53,1,Unknown,Unknown,84
Ether,2128,53,1,Unknown,Unknown,107
Ether,2128,53,1,Unknown,Unknown,90
Ether,2128,53,1,Unknown,Unknown,92
Ether,53,2128,1,Unknown,Unknown,100
Ether,53,2128,1,Unknown,Unknown,123
Ether,53,2128,1,Unknown,Unknown,106
Ether,53,2128,1,Unknown,Unknown,108
Ether,3098,3398,1,Unknown,Unknown,74
Ether,,,1,Unknown,Unknown,70
Ether,3901,1454,1,Unknown,Unknown,74
Ether,1454,3901,1,Unknown,Unknown,60
Ether,4224,2367,1,Unknown,Unknown,74
Ether,2367,4224,1,Unknown,Unknown,78
Ether,4224,2367,1,Unknown,Unknown,66
Ether,4224,2367,1,Unknown,Unknown,78
Ether,2367,4224,1,Unknown,Unknown,60
Ether,2367,4224,1,Unknown,Unknown,60
Ether,3279,3058,1,Unknown,Unknown,74
Ether,3022,1458,1,Unknown,Unknown,74
Ether,2896,2050,1,Unknown,Unknown,74
Ether,3058,3279,1,Unknown,Unknown,78
Ether,3279,3058,1,Unknown,Unknown,66
Ether,3279,3058,1,Unknown,Unknown,78
Ether,1816,2931,1,Unknown,Unknown,74
Ether,3058,3279,1,Unknown,Unknown,60
Ether,2584,32656,1,Unknown,Unknown,74
Ether,32656,2584,1,Unknown,Unknown,78
Ether,2584,32656,1,Unknown,Unknown,66
Ether,2584,32656,1,Unknown,Unknown,78
Ether,3663,22960,1,Unknown,Unknown,75
Ether,2128,53,1,Unknown,Unknown,85
Ether,2128,53,1,Unknown,Unknown,85
Ether,2128,53,1,Unknown,Unknown,86
Ether,2128,53,1,Unknown,Unknown,85
Ether,2128,53,1,Unknown,Unknown,85
Ether,32656,2584,1,Unknown,Unknown,66
Ether,53,2128,1,Unknown,Unknown,129
Ether,53,2128,1,Unknown,Unknown,130
Ether,22960,3663,1,Unknown,Unknown,105
Ether,3663,22960,1,Unknown,Unknown,66
Ether,53,2128,1,Unknown,Unknown,135
Ether,53,2128,1,Unknown,Unknown,131
Ether,53,2128,1,Unknown,Unknown,85
Ether,11352,4984,1,Unknown,Unknown,105
Ether,4984,11352,1,Unknown,Unknown,66
Ether,2128,53,1,Unknown,Unknown,90
Ether,2128,53,1,Unknown,Unknown,90
Ether,2128,53,1,Unknown,Unknown,96
Ether,2128,53,1,Unknown,Unknown,92
Ether,53,2128,1,Unknown,Unknown,106
Ether,53,2128,1,Unknown,Unknown,106
Ether,53,2128,1,Unknown,Unknown,112
Ether,53,2128,1,Unknown,Unknown,108
Ether,6667,2848,1,Unknown,Unknown,169
Ether,2848,6667,1,Unknown,Unknown,66
Ether,14232,4026,1,Unknown,Unknown,112
Ether,4026,14232,1,Unknown,Unknown,66
Ether,2996,1928,1,Unknown,Unknown,67
Ether,6667,2848,1,Unknown,Unknown,122
Ether,2848,6667,1,Unknown,Unknown,66
Ether,3022,1458,1,Unknown,Unknown,74
Ether,2896,2050,1,Unknown,Unknown,74
Ether,1816,2931,1,Unknown,Unknown,74
Ether,,,1,Unknown,Unknown,60
Ether,,,1,Unknown,Unknown,42
Ether,2584,32656,1,Unknown,Unknown,66
Ether,3508,2685,1,Unknown,Unknown,74
Ether,2685,3508,1,Unknown,Unknown,78
Ether,3508,2685,1,Unknown,Unknown,66
Ether,3508,2685,1,Unknown,Unknown,78
Ether,32656,2584,1,Unknown,Unknown,66
Ether,2685,3508,1,Unknown,Unknown,60
Ether,1643,3304,1,Unknown,Unknown,74
Ether,2685,3508,1,Unknown,Unknown,60
Ether,35990,44019,1,Unknown,Unknown,60
Ether,35990,45935,1,Unknown,Unknown,60
Ether,35990,1378,1,Unknown,Unknown,60
Ether,35990,13141,1,Unknown,Unknown,60
Ether,35990,43870,1,Unknown,Unknown,60
Ether,3634,1108,1,Unknown,Unknown,74
Ether,13141,35990,1,Unknown,Unknown,60
Ether,35990,13141,1,Unknown,Unknown,65
Ether,1695,2562,1,Unknown,Unknown,74
Ether,1108,3634,1,Unknown,Unknown,78
Ether,3634,1108,1,Unknown,Unknown,66
Ether,3634,1108,1,Unknown,Unknown,78
Ether,13141,35990,1,Unknown,Unknown,93
Ether,35990,12492,1,Unknown,Unknown,60
Ether,2562,1695,1,Unknown,Unknown,78
Ether,1695,2562,1,Unknown,Unknown,66
Ether,1695,2562,1,Unknown,Unknown,78
Ether,1108,3634,1,Unknown,Unknown,60
Ether,1108,3634,1,Unknown,Unknown,60
Ether,12492,35990,1,Unknown,Unknown,60
Ether,1092,12492,1,Unknown,Unknown,74
Ether,35990,39262,1,Unknown,Unknown,60
Ether,3612,3908,1,Unknown,Unknown,67
Ether,12492,1092,1,Unknown,Unknown,66
Ether,1092,12492,1,Unknown,Unknown,54
Ether,1092,12492,1,Unknown,Unknown,68
Ether,2562,1695,1,Unknown,Unknown,60
Ether,4776,32656,1,Unknown,Unknown,74
Ether,2562,1695,1,Unknown,Unknown,60
Ether,1605,3651,1,Unknown,Unknown,74
Ether,4529,1258,1,Unknown,Unknown,74
Ether,39262,35990,1,Unknown,Unknown,60
Ether,12492,1092,1,Unknown,Unknown,91
Ether,1092,12492,1,Unknown,Unknown,54
Ether,1092,12492,1,Unknown,Unknown,79
Ether,3651,1605,1,Unknown,Unknown,78
Ether,1605,3651,1,Unknown,Unknown,66
Ether,1605,3651,1,Unknown,Unknown,78
Ether,2128,53,1,Unknown,Unknown,87
Ether,2128,53,1,Unknown,Unknown,85
Ether,2128,53,1,Unknown,Unknown,87
Ether,2128,53,1,Unknown,Unknown,83
Ether,2128,53,1,Unknown,Unknown,84
Ether,2128,53,1,Unknown,Unknown,86
Ether,12492,1092,1,Unknown,Unknown,632
Ether,1092,12492,1,Unknown,Unknown,58
Ether,3651,1605,1,Unknown,Unknown,60
Ether,3651,1605,1,Unknown,Unknown,60
Ether,3746,3539,1,Unknown,Unknown,74
Ether,53,2128,1,Unknown,Unknown,131
Ether,53,2128,1,Unknown,Unknown,141
Ether,53,2128,1,Unknown,Unknown,129
Ether,3908,3612,1,Unknown,Unknown,67
Ether,53,2128,1,Unknown,Unknown,155
Ether,3612,3908,1,Unknown,Unknown,66
Ether,3539,3746,1,Unknown,Unknown,78
Ether,3746,3539,1,Unknown,Unknown,66
Ether,3746,3539,1,Unknown,Unknown,78
Ether,53,2128,1,Unknown,Unknown,125
Ether,53,2128,1,Unknown,Unknown,83
Ether,12492,1092,1,Unknown,Unknown,60
Ether,1092,12492,1,Unknown,Unknown,110
Ether,3539,3746,1,Unknown,Unknown,60
Ether,3539,3746,1,Unknown,Unknown,60
Ether,4125,33033,1,Unknown,Unknown,74
Ether,12492,1092,1,Unknown,Unknown,714
Ether,33033,4125,1,Unknown,Unknown,74
Ether,4125,33033,1,Unknown,Unknown,66
Ether,35990,16139,1,Unknown,Unknown,64
Ether,35990,58449,1,Unknown,Unknown,64
Ether,4125,33033,1,Unknown,Unknown,71
Ether,1092,12492,1,Unknown,Unknown,54
Ether,16139,35990,1,Unknown,Unknown,695
Ether,35990,18664,1,Unknown,Unknown,60
Ether,35990,56905,1,Unknown,Unknown,60
Ether,35990,50795,1,Unknown,Unknown,60
Ether,35990,18309,1,Unknown,Unknown,60
Ether,33033,4125,1,Unknown,Unknown,66
Ether,33033,4125,1,Unknown,Unknown,71
Ether,4125,33033,1,Unknown,Unknown,66
Ether,4125,33033,1,Unknown,Unknown,478
Ether,18309,35990,1,Unknown,Unknown,68
Ether,18664,35990,1,Unknown,Unknown,68
Ether,35990,18664,1,Unknown,Unknown,60
Ether,50795,35990,1,Unknown,Unknown,68
Ether,33033,4125,1,Unknown,Unknown,66
Ether,18664,35990,1,Unknown,Unknown,68
Ether,35990,18664,1,Unknown,Unknown,60
Ether,56905,35990,1,Unknown,Unknown,68
Ether,35990,56905,1,Unknown,Unknown,60
Ether,18664,35990,1,Unknown,Unknown,68
Ether,35990,18664,1,Unknown,Unknown,60
Ether,18664,35990,1,Unknown,Unknown,68
Ether,35990,18664,1,Unknown,Unknown,60
Ether,2128,53,1,Unknown,Unknown,85
Ether,2128,53,1,Unknown,Unknown,90
Ether,2128,53,1,Unknown,Unknown,100
Ether,2128,53,1,Unknown,Unknown,89
Ether,2128,53,1,Unknown,Unknown,116
Ether,2128,53,1,Unknown,Unknown,87
Ether,2128,53,1,Unknown,Unknown,86
Ether,2128,53,1,Unknown,Unknown,86
Ether,2128,53,1,Unknown,Unknown,85
Ether,2128,53,1,Unknown,Unknown,86
Ether,2128,53,1,Unknown,Unknown,86
Ether,2128,53,1,Unknown,Unknown,85
Ether,2128,53,1,Unknown,Unknown,87
Ether,2128,53,1,Unknown,Unknown,85
Ether,2128,53,1,Unknown,Unknown,86
Ether,2128,53,1,Unknown,Unknown,86
Ether,33033,4125,1,Unknown,Unknown,288
Ether,56905,35990,1,Unknown,Unknown,68
Ether,53,2128,1,Unknown,Unknown,106
Ether,53,2128,1,Unknown,Unknown,116
Ether,53,2128,1,Unknown,Unknown,105
Ether,1092,12492,1,Unknown,Unknown,67
Ether,35990,56905,1,Unknown,Unknown,60
Ether,53,2128,1,Unknown,Unknown,132
Ether,53,2128,1,Unknown,Unknown,103
Ether,4125,33033,1,Unknown,Unknown,66
Ether,18664,35990,1,Unknown,Unknown,68
Ether,53,2128,1,Unknown,Unknown,86
Ether,53,2128,1,Unknown,Unknown,120
Ether,12492,1092,1,Unknown,Unknown,102
Ether,1092,12492,1,Unknown,Unknown,54
Ether,35990,58546,1,Unknown,Unknown,100
Ether,35990,44872,1,Unknown,Unknown,100
Ether,35990,3944,1,Unknown,Unknown,100
Ether,53,2128,1,Unknown,Unknown,141
Ether,1643,3304,1,Unknown,Unknown,74
Ether,53,2128,1,Unknown,Unknown,132
Ether,53,2128,1,Unknown,Unknown,136
Ether,53,2128,1,Unknown,Unknown,130
Ether,56905,35990,1,Unknown,Unknown,68
Ether,35990,56905,1,Unknown,Unknown,60
Ether,53,2128,1,Unknown,Unknown,87
Ether,53,2128,1,Unknown,Unknown,139
Ether,53,2128,1,Unknown,Unknown,129
Ether,53,2128,1,Unknown,Unknown,127
Ether,58546,35990,1,Unknown,Unknown,407
Ether,1092,12492,1,Unknown,Unknown,67
Ether,53,2128,1,Unknown,Unknown,136
Ether,44872,35990,1,Unknown,Unknown,407
Ether,56905,35990,1,Unknown,Unknown,68
Ether,35990,56905,1,Unknown,Unknown,60
Ether,3944,35990,1,Unknown,Unknown,407
Ether,11352,4984,1,Unknown,Unknown,110
Ether,4984,11352,1,Unknown,Unknown,66
Ether,12492,1092,1,Unknown,Unknown,136
Ether,1092,12492,1,Unknown,Unknown,54
Ether,35990,9619,1,Unknown,Unknown,102
Ether,35990,3523,1,Unknown,Unknown,102
Ether,35990,39085,1,Unknown,Unknown,102
Ether,56905,35990,1,Unknown,Unknown,68
Ether,39085,35990,1,Unknown,Unknown,407
Ether,3523,35990,1,Unknown,Unknown,68
Ether,2131,53,1,Unknown,Unknown,72
Ether,2131,53,1,Unknown,Unknown,72
Ether,53,2131,1,Unknown,Unknown,88
Ether,4542,80,1,Unknown,Unknown,74
Ether,9619,35990,1,Unknown,Unknown,68
Ether,80,4542,1,Unknown,Unknown,74
Ether,4542,80,1,Unknown,Unknown,66
Ether,4542,80,1,Unknown,Unknown,232
Ether,80,4542,1,Unknown,Unknown,66
Ether,35990,58546,1,Unknown,Unknown,73
Ether,80,4542,1,Unknown,Unknown,462
Ether,4542,80,1,Unknown,Unknown,66
Ether,80,4542,1,Unknown,Unknown,66
Ether,4542,80,1,Unknown,Unknown,66
Ether,80,4542,1,Unknown,Unknown,66
Ether,2128,53,1,Unknown,Unknown,81
Ether,2128,53,1,Unknown,Unknown,101
Ether,2128,53,1,Unknown,Unknown,93
Ether,2128,53,1,Unknown,Unknown,96
Ether,2128,53,1,Unknown,Unknown,90
Ether,2128,53,1,Unknown,Unknown,99
Ether,2128,53,1,Unknown,Unknown,90
Ether,2128,53,1,Unknown,Unknown,87
Ether,2128,53,1,Unknown,Unknown,97
Ether,53,2128,1,Unknown,Unknown,97
Ether,53,2128,1,Unknown,Unknown,117
Ether,53,2128,1,Unknown,Unknown,109
Ether,53,2128,1,Unknown,Unknown,112
Ether,53,2128,1,Unknown,Unknown,106
Ether,53,2128,1,Unknown,Unknown,115
Ether,53,2128,1,Unknown,Unknown,106
Ether,53,2128,1,Unknown,Unknown,103
Ether,53,2128,1,Unknown,Unknown,113
Ether,58546,35990,1,Unknown,Unknown,163
Ether,35990,10421,1,Unknown,Unknown,388
Ether,35990,58546,1,Unknown,Unknown,388
Ether,35990,57683,1,Unknown,Unknown,388
Ether,35990,51331,1,Unknown,Unknown,388
Ether,35990,45671,1,Unknown,Unknown,388
Ether,35990,55335,1,Unknown,Unknown,388
Ether,35990,7150,1,Unknown,Unknown,388
Ether,35990,47070,1,Unknown,Unknown,388
Ether,35990,56626,1,Unknown,Unknown,388
Ether,35990,43411,1,Unknown,Unknown,388
Ether,35990,39085,1,Unknown,Unknown,388
Ether,35990,3944,1,Unknown,Unknown,388
Ether,35990,44872,1,Unknown,Unknown,388
Ether,53,2131,1,Unknown,Unknown,136
Ether,51331,35990,1,Unknown,Unknown,60
Ether,58546,35990,1,Unknown,Unknown,60
Ether,10421,35990,1,Unknown,Unknown,60
Ether,39085,35990,1,Unknown,Unknown,60
Ether,57683,35990,1,Unknown,Unknown,60
Ether,55335,35990,1,Unknown,Unknown,60
Ether,45671,35990,1,Unknown,Unknown,60
Ether,47070,35990,1,Unknown,Unknown,60
Ether,7150,35990,1,Unknown,Unknown,60
Ether,2848,6667,1,Unknown,Unknown,96
Ether,56626,35990,1,Unknown,Unknown,60
Ether,44872,35990,1,Unknown,Unknown,60
Ether,3944,35990,1,Unknown,Unknown,60
Ether,6667,2848,1,Unknown,Unknown,112
Ether,2848,6667,1,Unknown,Unknown,66
Ether,2128,53,1,Unknown,Unknown,86
Ether,2128,53,1,Unknown,Unknown,85
Ether,2128,53,1,Unknown,Unknown,86
Ether,2128,53,1,Unknown,Unknown,86
Ether,53,2128,1,Unknown,Unknown,145
Ether,53,2128,1,Unknown,Unknown,135
Ether,53,2128,1,Unknown,Unknown,129
Ether,35990,58449,1,Unknown,Unknown,64
Ether,2131,53,1,Unknown,Unknown,72
Ether,4776,32656,1,Unknown,Unknown,74
Ether,4529,1258,1,Unknown,Unknown,74
Ether,6667,2848,1,Unknown,Unknown,206
Ether,2848,6667,1,Unknown,Unknown,66
Ether,53,2128,1,Unknown,Unknown,86
Ether,2128,53,1,Unknown,Unknown,106
Ether,2128,53,1,Unknown,Unknown,95
Ether,2128,53,1,Unknown,Unknown,89
Ether,58449,35990,1,Unknown,Unknown,735
Ether,53,2128,1,Unknown,Unknown,122
Ether,53,2128,1,Unknown,Unknown,111
Ether,53,2128,1,Unknown,Unknown,105
Ether,1092,12492,1,Unknown,Unknown,64
Ether,2330,35990,1,Unknown,Unknown,62
Ether,35990,2330,1,Unknown,Unknown,62
Ether,4576,35990,1,Unknown,Unknown,61
Ether,35990,4576,1,Unknown,Unknown,53
Ether,12492,1092,1,Unknown,Unknown,74
Ether,1092,12492,1,Unknown,Unknown,54
Ether,2330,35990,1,Unknown,Unknown,60
Ether,2330,35990,1,Unknown,Unknown,125
Ether,35990,2330,1,Unknown,Unknown,54
Ether,35990,43411,1,Unknown,Unknown,388
Ether,35990,2330,1,Unknown,Unknown,68
Ether,53,2131,1,Unknown,Unknown,127
Ether,2131,53,1,Unknown,Unknown,72
Ether,2330,35990,1,Unknown,Unknown,65
Ether,35990,2330,1,Unknown,Unknown,54
Ether,35990,2330,1,Unknown,Unknown,58
Ether,53,2131,1,Unknown,Unknown,136
Ether,14232,4026,1,Unknown,Unknown,111
Ether,4026,14232,1,Unknown,Unknown,66
Ether,2330,35990,1,Unknown,Unknown,60
Ether,2330,35990,1,Unknown,Unknown,60
Ether,35990,2330,1,Unknown,Unknown,54
Ether,2128,53,1,Unknown,Unknown,88
Ether,2330,35990,1,Unknown,Unknown,60
Ether,53,2128,1,Unknown,Unknown,143
Ether,1092,12492,1,Unknown,Unknown,67
Ether,2128,53,1,Unknown,Unknown,101
Ether,12492,1092,1,Unknown,Unknown,102
Ether,1092,12492,1,Unknown,Unknown,54
Ether,35990,31118,1,Unknown,Unknown,73
Ether,53,2128,1,Unknown,Unknown,117
Ether,31118,35990,1,Unknown,Unknown,60
Ether,1643,3304,1,Unknown,Unknown,74
Ether,6667,2848,1,Unknown,Unknown,135
Ether,2848,6667,1,Unknown,Unknown,66
Ether,35990,43411,1,Unknown,Unknown,388
Ether,4776,32656,1,Unknown,Unknown,74
Ether,4529,1258,1,Unknown,Unknown,74
Ether,2848,6667,1,Unknown,Unknown,78
Ether,6667,2848,1,Unknown,Unknown,1090
Ether,2848,6667,1,Unknown,Unknown,66
Ether,6667,2848,1,Unknown,Unknown,1514
Ether,2848,6667,1,Unknown,Unknown,66
Ether,6667,2848,1,Unknown,Unknown,1514
Ether,2848,6667,1,Unknown,Unknown,66
Ether,6667,2848,1,Unknown,Unknown,1514
Ether,2848,6667,1,Unknown,Unknown,66
Ether,6667,2848,1,Unknown,Unknown,1514
Ether,2848,6667,1,Unknown,Unknown,66
Ether,6667,2848,1,Unknown,Unknown,1514
Ether,2848,6667,1,Unknown,Unknown,66
Ether,6667,2848,1,Unknown,Unknown,1514
Ether,2848,6667,1,Unknown,Unknown,66
Ether,6667,2848,1,Unknown,Unknown,1514
Ether,2848,6667,1,Unknown,Unknown,66
Ether,6667,2848,1,Unknown,Unknown,1514
Ether,2848,6667,1,Unknown,Unknown,66
Ether,6667,2848,1,Unknown,Unknown,1514
Ether,2848,6667,1,Unknown,Unknown,66
Ether,6667,2848,1,Unknown,Unknown,1514
Ether,2848,6667,1,Unknown,Unknown,66
Ether,6667,2848,1,Unknown,Unknown,1514
Ether,2848,6667,1,Unknown,Unknown,66
Ether,6667,2848,1,Unknown,Unknown,1514
Ether,2848,6667,1,Unknown,Unknown,66
Ether,6667,2848,1,Unknown,Unknown,1514
Ether,2848,6667,1,Unknown,Unknown,66
Ether,6667,2848,1,Unknown,Unknown,1514
Ether,2848,6667,1,Unknown,Unknown,66
Ether,6667,2848,1,Unknown,Unknown,881
Ether,2848,6667,1,Unknown,Unknown,66
Ether,,,1,Unknown,Unknown,32
Ether,8022,3863,1,Unknown,Unknown,92
Ether,3863,8022,1,Unknown,Unknown,66
Ether,35990,31118,1,Unknown,Unknown,73
Ether,35990,60974,1,Unknown,Unknown,73
Ether,35990,62174,1,Unknown,Unknown,73
Ether,31118,35990,1,Unknown,Unknown,60
Ether,1092,12492,1,Unknown,Unknown,67
Ether,1092,12492,1,Unknown,Unknown,54
Ether,4125,33033,1,Unknown,Unknown,66
Ether,60974,35990,1,Unknown,Unknown,60
Ether,,,1,Unknown,Unknown,88
Ether,33033,4125,1,Unknown,Unknown,66
Ether,4125,33033,1,Unknown,Unknown,66
Ether,12492,1092,1,Unknown,Unknown,129
Ether,1092,12492,1,Unknown,Unknown,54
Ether,12492,1092,1,Unknown,Unknown,60
Ether,1092,12492,1,Unknown,Unknown,54
Ether,12492,1092,1,Unknown,Unknown,60
Ether,1092,12492,1,Unknown,Unknown,54
Ether,11352,4984,1,Unknown,Unknown,96
Ether,4984,11352,1,Unknown,Unknown,66
Ether,4921,2377,1,Unknown,Unknown,74
Ether,3226,3150,1,Unknown,Unknown,74
Ether,4516,1217,1,Unknown,Unknown,74
Ether,2377,4921,1,Unknown,Unknown,78
Ether,4921,2377,1,Unknown,Unknown,66
Ether,4921,2377,1,Unknown,Unknown,78
Ether,1217,4516,1,Unknown,Unknown,78
Ether,4516,1217,1,Unknown,Unknown,66
Ether,4516,1217,1,Unknown,Unknown,78
Ether,3150,3226,1,Unknown,Unknown,60
Ether,2128,53,1,Unknown,Unknown,87
Ether,2377,4921,1,Unknown,Unknown,60
Ether,4655,1830,1,Unknown,Unknown,74
Ether,3942,2229,1,Unknown,Unknown,74
Ether,3364,2057,1,Unknown,Unknown,74
Ether,2377,4921,1,Unknown,Unknown,60
Ether,1217,4516,1,Unknown,Unknown,60
Ether,1217,4516,1,Unknown,Unknown,60
Ether,53,2128,1,Unknown,Unknown,131
Ether,2057,3364,1,Unknown,Unknown,78
Ether,3364,2057,1,Unknown,Unknown,66
Ether,3364,2057,1,Unknown,Unknown,78
Ether,2229,3942,1,Unknown,Unknown,60
Ether,2057,3364,1,Unknown,Unknown,60
Ether,2128,53,1,Unknown,Unknown,90
Ether,53,2128,1,Unknown,Unknown,106
Ether,14232,4026,1,Unknown,Unknown,112
Ether,4026,14232,1,Unknown,Unknown,66
Ether,2128,53,1,Unknown,Unknown,85
Ether,2128,53,1,Unknown,Unknown,86
Ether,2128,53,1,Unknown,Unknown,85
Ether,2128,53,1,Unknown,Unknown,85
Ether,2128,53,1,Unknown,Unknown,86
Ether,53,2128,1,Unknown,Unknown,130
Ether,53,2128,1,Unknown,Unknown,135
Ether,53,2128,1,Unknown,Unknown,130
Ether,53,2128,1,Unknown,Unknown,133
Ether,53,2128,1,Unknown,Unknown,148
Ether,8022,3863,1,Unknown,Unknown,91
Ether,3863,8022,1,Unknown,Unknown,66
Ether,3863,8022,1,Unknown,Unknown,91
Ether,2128,53,1,Unknown,Unknown,90
Ether,2128,53,1,Unknown,Unknown,96
Ether,2128,53,1,Unknown,Unknown,91
Ether,2128,53,1,Unknown,Unknown,94
Ether,2128,53,1,Unknown,Unknown,108
Ether,53,2128,1,Unknown,Unknown,106
Ether,53,2128,1,Unknown,Unknown,112
Ether,53,2128,1,Unknown,Unknown,107
Ether,53,2128,1,Unknown,Unknown,110
Ether,53,2128,1,Unknown,Unknown,124
Ether,8022,3863,1,Unknown,Unknown,66
Ether,14232,4026,1,Unknown,Unknown,92
Ether,4026,14232,1,Unknown,Unknown,66
Ether,4026,14232,1,Unknown,Unknown,90
Ether,4655,1830,1,Unknown,Unknown,74
Ether,14232,4026,1,Unknown,Unknown,66
Ether,6667,2848,1,Unknown,Unknown,230
Ether,2848,6667,1,Unknown,Unknown,66
Ether,2330,35990,1,Unknown,Unknown,60
Ether,2848,6667,1,Unknown,Unknown,96
Ether,6667,2848,1,Unknown,Unknown,112
Ether,2848,6667,1,Unknown,Unknown,66
